,Year,Period,SHA Code,SHA Name,Org Code,Org Name,Elective G&A Ordinary Admissions (FFCEs),Elective G&A Daycase Admissions (FFCEs),Elective G&A Total Admissions (FFCEs),Elective G&A Planned Ordinary Admissions (FFCEs),Elective G&A Planned Daycase Admissions (FFCEs),Elective G&A Planned Total Admissions (FFCEs),Elective G&A Admissions (FFCEs) -Independent Sector Treatment Centres (ISTCs) ,Elective G&A Admissions (FFCEs) -NHS Treatment Centres (TCs) ,Total Non-elective G&A Admissions (FFCEs),GP Referrals Made (All specialties) ,GP Referrals Seen (All specialties) ,GP Referrals Made (G&A) ,GP Referrals Seen (G&A) ,Other Referrals Made (G&A) ,All 1st Outpatient Attendances (G&A) 
,2009-10,APRIL,,,,England," 	130,907 "," 	421,471 "," 	552,378 "," 	20,463 "," 	124,560 "," 	145,023 "," 	9,735 "," 	16,824 "," 	432,861 "," 	935,955 "," 	761,140 "," 	892,093 "," 	724,257 "," 	489,616 "," 	1,225,251 "
,,,,,,,,,,,,,,,,,,,,,
,2009-10,APRIL,,,Q30,NORTH EAST STRATEGIC HEALTH AUTHORITY," 	7,804 "," 	25,302 "," 	33,106 "," 	1,220 "," 	8,225 "," 	9,445 ", 	239 , 	563 ," 	27,214 "," 	44,110 "," 	38,552 "," 	43,000 "," 	37,597 "," 	31,335 "," 	66,643 "
,2009-10,APRIL,,,Q31,NORTH WEST STRATEGIC HEALTH AUTHORITY," 	20,106 "," 	63,579 "," 	83,685 "," 	3,122 "," 	15,968 "," 	19,090 "," 	1,375 "," 	3,422 "," 	70,456 "," 	141,201 "," 	112,254 "," 	133,461 "," 	106,398 "," 	80,915 "," 	180,819 "
,2009-10,APRIL,,,Q32,YORKSHIRE AND THE HUMBER STRATEGIC HEALTH AUTHORITY," 	14,320 "," 	44,797 "," 	59,117 "," 	2,361 "," 	14,232 "," 	16,593 ", 	959 , 	917 ," 	47,047 "," 	90,517 "," 	72,749 "," 	86,880 "," 	69,710 "," 	45,137 "," 	117,234 "
,2009-10,APRIL,,,Q33,EAST MIDLANDS STRATEGIC HEALTH AUTHORITY," 	11,123 "," 	38,419 "," 	49,542 "," 	1,702 "," 	12,950 "," 	14,652 "," 	1,756 ", 	64 ," 	36,519 "," 	77,103 "," 	60,608 "," 	74,155 "," 	59,691 "," 	34,170 "," 	91,964 "
,2009-10,APRIL,,,Q34,WEST MIDLANDS STRATEGIC HEALTH AUTHORITY," 	12,958 "," 	46,241 "," 	59,199 "," 	2,168 "," 	16,670 "," 	18,838 ", 	756 ," 	2,014 "," 	43,851 "," 	97,888 "," 	79,320 "," 	90,025 "," 	71,573 "," 	63,581 "," 	129,204 "
,2009-10,APRIL,,,Q35,EAST OF ENGLAND STRATEGIC HEALTH AUTHORITY," 	14,628 "," 	46,054 "," 	60,682 "," 	2,220 "," 	13,490 "," 	15,710 ", 	572 ," 	1,163 "," 	43,327 "," 	108,940 "," 	90,987 "," 	104,025 "," 	86,301 "," 	50,349 "," 	132,237 "
,2009-10,APRIL,,,Q36,LONDON STRATEGIC HEALTH AUTHORITY," 	15,711 "," 	54,841 "," 	70,552 "," 	2,268 "," 	13,063 "," 	15,331 ", 	743 , 	616 ," 	57,888 "," 	146,426 "," 	116,284 "," 	136,483 "," 	107,782 "," 	73,867 "," 	203,665 "
,2009-10,APRIL,,,Q37,SOUTH EAST COAST STRATEGIC HEALTH AUTHORITY," 	10,497 "," 	28,051 "," 	38,548 "," 	1,503 "," 	6,469 "," 	7,972 "," 	1,130 "," 	2,403 "," 	34,369 "," 	75,547 "," 	61,595 "," 	73,844 "," 	59,024 "," 	34,642 "," 	91,536 "
,2009-10,APRIL,,,Q38,SOUTH CENTRAL STRATEGIC HEALTH AUTHORITY," 	8,905 "," 	27,291 "," 	36,196 "," 	1,542 "," 	7,313 "," 	8,855 "," 	1,497 "," 	3,942 "," 	30,484 "," 	64,996 "," 	54,852 "," 	62,399 "," 	52,602 "," 	30,552 "," 	88,680 "
,2009-10,APRIL,,,Q39,SOUTH WEST STRATEGIC HEALTH AUTHORITY," 	14,855 "," 	46,896 "," 	61,751 "," 	2,357 "," 	16,180 "," 	18,537 ", 	708 ," 	1,720 "," 	41,706 "," 	89,227 "," 	73,939 "," 	87,821 "," 	73,579 "," 	45,068 "," 	123,269 "
,,,,,,,,,,,,,,,,,,,,,
,2009-10,APRIL,Q30,NORTH EAST STRATEGIC HEALTH AUTHORITY,5D7,NEWCASTLE PCT, 	840 ," 	2,481 "," 	3,321 ", 	165 , 	746 , 	911 , 	62 , 	7 ," 	2,474 "," 	4,380 "," 	4,015 "," 	4,304 "," 	3,929 "," 	3,613 "," 	7,449 "
,2009-10,APRIL,Q30,NORTH EAST STRATEGIC HEALTH AUTHORITY,5D8,NORTH TYNESIDE PCT, 	676 ," 	2,369 "," 	3,045 ", 	94 , 	785 , 	879 , 	64 , 	- 0," 	2,531 "," 	3,619 "," 	3,017 "," 	3,565 "," 	2,868 "," 	2,342 "," 	5,882 "
,2009-10,APRIL,Q30,NORTH EAST STRATEGIC HEALTH AUTHORITY,5D9,HARTLEPOOL PCT, 	302 , 	899 ," 	1,201 ", 	38 , 	288 , 	326 , 	1 , 	- 0," 	1,025 "," 	1,472 "," 	1,191 "," 	1,417 "," 	1,151 ", 	899 ," 	1,881 "
,2009-10,APRIL,Q30,NORTH EAST STRATEGIC HEALTH AUTHORITY,5E1,STOCKTON-ON-TEES TEACHING PCT, 	501 ," 	1,718 "," 	2,219 ", 	75 , 	508 , 	583 , 	- 0, 	- 0," 	2,015 "," 	2,859 "," 	2,553 "," 	2,830 "," 	2,529 "," 	1,623 "," 	4,156 "
,2009-10,APRIL,Q30,NORTH EAST STRATEGIC HEALTH AUTHORITY,5J9,DARLINGTON PCT, 	263 , 	808 ," 	1,071 ", 	37 , 	155 , 	192 , 	- 0, 	- 0," 	1,026 "," 	1,596 "," 	1,383 "," 	1,563 "," 	1,347 "," 	1,158 "," 	2,271 "
,2009-10,APRIL,Q30,NORTH EAST STRATEGIC HEALTH AUTHORITY,5KF,GATESHEAD PCT, 	673 ," 	1,085 "," 	1,758 ", 	145 , 	297 , 	442 , 	- 0, 	372 ," 	2,301 "," 	4,047 "," 	3,469 "," 	3,938 "," 	3,541 "," 	2,446 "," 	5,740 "
,2009-10,APRIL,Q30,NORTH EAST STRATEGIC HEALTH AUTHORITY,5KG,SOUTH TYNESIDE PCT, 	439 ," 	1,768 "," 	2,207 ", 	52 , 	564 , 	616 , 	- 0, 	41 ," 	1,464 "," 	3,041 "," 	2,493 "," 	2,826 "," 	2,630 "," 	1,808 "," 	4,202 "
,2009-10,APRIL,Q30,NORTH EAST STRATEGIC HEALTH AUTHORITY,5KL,SUNDERLAND TEACHING PCT, 	958 ," 	3,092 "," 	4,050 ", 	138 , 	847 , 	985 , 	- 0, 	113 ," 	2,826 "," 	4,877 "," 	4,555 "," 	4,831 "," 	4,107 "," 	5,498 "," 	7,684 "
,2009-10,APRIL,Q30,NORTH EAST STRATEGIC HEALTH AUTHORITY,5KM,MIDDLESBROUGH PCT, 	325 ," 	1,310 "," 	1,635 ", 	61 , 	673 , 	734 , 	16 , 	- 0," 	1,825 "," 	2,267 "," 	1,761 "," 	2,133 "," 	1,668 "," 	1,354 "," 	3,510 "
,2009-10,APRIL,Q30,NORTH EAST STRATEGIC HEALTH AUTHORITY,5ND,COUNTY DURHAM PCT," 	1,539 "," 	5,259 "," 	6,798 ", 	228 ," 	1,729 "," 	1,957 ", 	- 0, 	22 ," 	5,013 "," 	9,085 "," 	7,774 "," 	8,847 "," 	7,593 "," 	5,995 "," 	12,746 "
,2009-10,APRIL,Q30,NORTH EAST STRATEGIC HEALTH AUTHORITY,5QR,REDCAR AND CLEVELAND PCT, 	327 ," 	1,158 "," 	1,485 ", 	68 , 	598 , 	666 , 	12 , 	1 ," 	1,458 "," 	2,007 "," 	1,574 "," 	1,910 "," 	1,500 "," 	1,213 "," 	2,943 "
,2009-10,APRIL,Q30,NORTH EAST STRATEGIC HEALTH AUTHORITY,TAC,NORTHUMBERLAND CARE TRUST, 	961 ," 	3,355 "," 	4,316 ", 	119 ," 	1,035 "," 	1,154 ", 	84 , 	7 ," 	3,256 "," 	4,860 "," 	4,767 "," 	4,836 "," 	4,734 "," 	3,386 "," 	8,179 "
,2009-10,APRIL,Q31,NORTH WEST STRATEGIC HEALTH AUTHORITY,5CC,BLACKBURN WITH DARWEN PCT, 	523 ," 	1,278 "," 	1,801 ", 	144 , 	331 , 	475 , 	53 , 	- 0," 	1,579 "," 	2,966 "," 	2,731 "," 	2,824 "," 	2,373 "," 	1,375 "," 	3,527 "
,2009-10,APRIL,Q31,NORTH WEST STRATEGIC HEALTH AUTHORITY,5F5,SALFORD PCT, 	656 ," 	1,819 "," 	2,475 ", 	96 , 	539 , 	635 , 	78 , 	39 ," 	2,643 "," 	4,389 "," 	3,204 "," 	4,293 "," 	3,069 "," 	3,164 "," 	5,190 "
,2009-10,APRIL,Q31,NORTH WEST STRATEGIC HEALTH AUTHORITY,5F7,STOCKPORT PCT, 	996 ," 	2,214 "," 	3,210 ", 	190 , 	485 , 	675 , 	41 , 	- 0," 	2,857 "," 	5,514 "," 	4,064 "," 	5,493 "," 	4,271 "," 	3,751 "," 	7,066 "
,2009-10,APRIL,Q31,NORTH WEST STRATEGIC HEALTH AUTHORITY,5HG,"ASHTON, LEIGH AND WIGAN PCT", 	876 ," 	2,714 "," 	3,590 ", 	125 , 	873 , 	998 , 	- 0, 	113 ," 	2,866 "," 	6,149 "," 	4,705 "," 	5,821 "," 	4,630 "," 	3,421 "," 	7,657 "
,2009-10,APRIL,Q31,NORTH WEST STRATEGIC HEALTH AUTHORITY,5HP,BLACKPOOL PCT, 	392 ," 	1,836 "," 	2,228 ", 	32 , 	473 , 	505 , 	34 , 	- 0," 	1,868 "," 	2,696 "," 	1,899 "," 	2,571 "," 	1,857 "," 	1,817 "," 	3,332 "
,2009-10,APRIL,Q31,NORTH WEST STRATEGIC HEALTH AUTHORITY,5HQ,BOLTON PCT, 	710 ," 	1,817 "," 	2,527 ", 	77 , 	354 , 	431 , 	- 0, 	7 ," 	2,490 "," 	5,788 "," 	4,341 "," 	5,413 "," 	4,158 "," 	3,160 "," 	6,934 "
,2009-10,APRIL,Q31,NORTH WEST STRATEGIC HEALTH AUTHORITY,5J2,WARRINGTON PCT, 	457 ," 	1,530 "," 	1,987 ", 	45 , 	301 , 	346 , 	4 , 	41 ," 	1,940 "," 	2,490 "," 	2,341 "," 	2,478 "," 	2,315 "," 	1,577 "," 	3,807 "
,2009-10,APRIL,Q31,NORTH WEST STRATEGIC HEALTH AUTHORITY,5J4,KNOWSLEY PCT, 	390 ," 	1,465 "," 	1,855 ", 	43 , 	365 , 	408 , 	44 , 	4 ," 	2,011 "," 	4,291 "," 	3,280 "," 	4,121 "," 	3,092 "," 	1,904 "," 	4,806 "
,2009-10,APRIL,Q31,NORTH WEST STRATEGIC HEALTH AUTHORITY,5J5,OLDHAM PCT, 	683 ," 	1,873 "," 	2,556 ", 	95 , 	646 , 	741 , 	- 0, 	7 ," 	2,152 "," 	4,134 "," 	3,637 "," 	3,770 "," 	3,395 "," 	2,550 "," 	5,827 "
,2009-10,APRIL,Q31,NORTH WEST STRATEGIC HEALTH AUTHORITY,5JX,BURY PCT, 	661 ," 	1,953 "," 	2,614 ", 	106 , 	612 , 	718 , 	1 , 	22 ," 	1,723 "," 	3,872 "," 	2,918 "," 	3,289 "," 	2,638 "," 	1,942 "," 	4,625 "
,2009-10,APRIL,Q31,NORTH WEST STRATEGIC HEALTH AUTHORITY,5LH,TAMESIDE AND GLOSSOP PCT, 	724 ," 	2,016 "," 	2,740 ", 	83 , 	381 , 	464 , 	1 , 	21 ," 	2,030 "," 	4,493 "," 	3,795 "," 	4,323 "," 	3,679 "," 	2,941 "," 	6,481 "
,2009-10,APRIL,Q31,NORTH WEST STRATEGIC HEALTH AUTHORITY,5NE,CUMBRIA TEACHING PCT," 	1,476 "," 	4,152 "," 	5,628 ", 	218 , 	981 ," 	1,199 ", 	- 0, 	69 ," 	4,567 "," 	9,772 "," 	7,640 "," 	9,609 "," 	7,428 "," 	2,791 "," 	10,943 "
,2009-10,APRIL,Q31,NORTH WEST STRATEGIC HEALTH AUTHORITY,5NF,NORTH LANCASHIRE TEACHING PCT, 	904 ," 	3,705 "," 	4,609 ", 	116 ," 	1,044 "," 	1,160 ", 	68 , 	24 ," 	3,183 "," 	5,981 "," 	4,603 "," 	5,849 "," 	4,503 "," 	2,160 "," 	7,103 "
,2009-10,APRIL,Q31,NORTH WEST STRATEGIC HEALTH AUTHORITY,5NG,CENTRAL LANCASHIRE PCT," 	1,399 "," 	4,841 "," 	6,240 ", 	244 ," 	1,059 "," 	1,303 ", 	440 , 	328 ," 	4,064 "," 	8,701 "," 	8,149 "," 	8,245 "," 	7,838 "," 	3,845 "," 	12,475 "
,2009-10,APRIL,Q31,NORTH WEST STRATEGIC HEALTH AUTHORITY,5NH,EAST LANCASHIRE TEACHING PCT," 	1,226 "," 	3,614 "," 	4,840 ", 	268 ," 	1,021 "," 	1,289 ", 	327 , 	2 ," 	3,279 "," 	7,483 "," 	6,818 "," 	7,092 "," 	6,127 "," 	4,019 "," 	9,201 "
,2009-10,APRIL,Q31,NORTH WEST STRATEGIC HEALTH AUTHORITY,5NJ,SEFTON PCT, 	766 ," 	3,072 "," 	3,838 ", 	131 , 	912 ," 	1,043 ", 	83 , 	494 ," 	2,745 "," 	6,429 "," 	4,964 "," 	6,147 "," 	4,686 "," 	3,338 "," 	7,873 "
,2009-10,APRIL,Q31,NORTH WEST STRATEGIC HEALTH AUTHORITY,5NK,WIRRAL PCT, 	864 ," 	2,911 "," 	3,775 ", 	124 , 	828 , 	952 , 	62 , 	42 ," 	3,623 "," 	5,397 "," 	4,819 "," 	5,036 "," 	4,509 "," 	3,288 "," 	7,787 "
,2009-10,APRIL,Q31,NORTH WEST STRATEGIC HEALTH AUTHORITY,5NL,LIVERPOOL PCT," 	1,140 "," 	3,838 "," 	4,978 ", 	192 , 	995 ," 	1,187 ", 	123 , 	65 ," 	5,492 "," 	10,254 "," 	8,518 "," 	9,694 "," 	7,802 "," 	9,201 "," 	16,006 "
,2009-10,APRIL,Q31,NORTH WEST STRATEGIC HEALTH AUTHORITY,5NM,HALTON AND ST HELENS PCT, 	762 ," 	2,768 "," 	3,530 ", 	85 , 	564 , 	649 , 	7 , 	88 ," 	3,315 "," 	6,334 "," 	5,105 "," 	6,139 "," 	4,906 "," 	2,510 "," 	7,000 "
,2009-10,APRIL,Q31,NORTH WEST STRATEGIC HEALTH AUTHORITY,5NN,WESTERN CHESHIRE PCT, 	600 ," 	2,270 "," 	2,870 ", 	79 , 	428 , 	507 , 	1 , 	141 ," 	2,232 "," 	4,704 "," 	3,909 "," 	4,572 "," 	3,653 "," 	4,096 "," 	6,572 "
,2009-10,APRIL,Q31,NORTH WEST STRATEGIC HEALTH AUTHORITY,5NP,CENTRAL AND EASTERN CHESHIRE PCT," 	1,054 "," 	3,535 "," 	4,589 ", 	135 , 	440 , 	575 , 	1 ," 	1,599 "," 	4,083 "," 	7,578 "," 	6,208 "," 	7,333 "," 	5,939 "," 	4,916 "," 	10,825 "
,2009-10,APRIL,Q31,NORTH WEST STRATEGIC HEALTH AUTHORITY,5NQ,"HEYWOOD, MIDDLETON AND ROCHDALE PCT", 	667 ," 	2,320 "," 	2,987 ", 	114 , 	737 , 	851 , 	- 0, 	2 ," 	2,267 "," 	4,937 "," 	3,503 "," 	3,538 "," 	2,941 "," 	2,436 "," 	5,209 "
,2009-10,APRIL,Q31,NORTH WEST STRATEGIC HEALTH AUTHORITY,5NR,TRAFFORD PCT, 	637 ," 	2,160 "," 	2,797 ", 	114 , 	565 , 	679 , 	- 0, 	120 ," 	1,772 "," 	5,811 "," 	3,742 "," 	5,495 "," 	3,582 "," 	2,566 "," 	6,227 "
,2009-10,APRIL,Q31,NORTH WEST STRATEGIC HEALTH AUTHORITY,5NT,MANCHESTER PCT," 	1,543 "," 	3,878 "," 	5,421 ", 	266 ," 	1,034 "," 	1,300 ", 	7 , 	194 ," 	5,675 "," 	11,038 "," 	7,361 "," 	10,316 "," 	7,007 "," 	8,147 "," 	14,346 "
,2009-10,APRIL,Q32,YORKSHIRE AND THE HUMBER STRATEGIC HEALTH AUTHORITY,5EF,NORTH LINCOLNSHIRE PCT, 	483 ," 	1,513 "," 	1,996 ", 	104 , 	425 , 	529 , 	- 0, 	70 ," 	1,506 "," 	2,631 "," 	2,151 "," 	2,566 "," 	2,093 "," 	1,655 "," 	4,251 "
,2009-10,APRIL,Q32,YORKSHIRE AND THE HUMBER STRATEGIC HEALTH AUTHORITY,5H8,ROTHERHAM PCT, 	731 ," 	2,699 "," 	3,430 ", 	109 , 	795 , 	904 , 	10 , 	- 0," 	2,422 "," 	4,921 "," 	4,080 "," 	4,876 "," 	4,028 "," 	2,338 "," 	6,960 "
,2009-10,APRIL,Q32,YORKSHIRE AND THE HUMBER STRATEGIC HEALTH AUTHORITY,5J6,CALDERDALE PCT, 	561 ," 	1,473 "," 	2,034 ", 	81 , 	534 , 	615 , 	- 0, 	- 0," 	1,845 "," 	3,240 "," 	3,039 "," 	3,184 "," 	2,553 "," 	1,008 "," 	4,129 "
,2009-10,APRIL,Q32,YORKSHIRE AND THE HUMBER STRATEGIC HEALTH AUTHORITY,5JE,BARNSLEY PCT, 	832 ," 	2,557 "," 	3,389 ", 	115 , 	593 , 	708 , 	- 0, 	2 ," 	2,311 "," 	4,675 "," 	3,814 "," 	4,682 "," 	4,067 "," 	2,679 "," 	6,788 "
,2009-10,APRIL,Q32,YORKSHIRE AND THE HUMBER STRATEGIC HEALTH AUTHORITY,5N1,LEEDS PCT," 	1,854 "," 	5,318 "," 	7,172 ", 	240 ," 	1,286 "," 	1,526 ", 	170 , 	26 ," 	7,336 "," 	12,498 "," 	9,669 "," 	12,426 "," 	9,120 "," 	8,816 "," 	15,234 "
,2009-10,APRIL,Q32,YORKSHIRE AND THE HUMBER STRATEGIC HEALTH AUTHORITY,5N2,KIRKLEES PCT," 	1,032 "," 	2,687 "," 	3,719 ", 	222 , 	842 ," 	1,064 ", 	- 0, 	33 ," 	3,513 "," 	6,902 "," 	5,419 "," 	6,336 "," 	5,192 "," 	2,480 "," 	8,553 "
,2009-10,APRIL,Q32,YORKSHIRE AND THE HUMBER STRATEGIC HEALTH AUTHORITY,5N3,WAKEFIELD DISTRICT PCT, 	980 ," 	2,885 "," 	3,865 ", 	155 , 	994 ," 	1,149 ", 	- 0, 	251 ," 	3,319 "," 	6,055 "," 	4,701 "," 	5,795 "," 	4,517 "," 	2,579 "," 	6,644 "
,2009-10,APRIL,Q32,YORKSHIRE AND THE HUMBER STRATEGIC HEALTH AUTHORITY,5N4,SHEFFIELD PCT," 	1,608 "," 	4,787 "," 	6,395 ", 	308 ," 	1,550 "," 	1,858 ", 	146 , 	- 0," 	4,687 "," 	10,351 "," 	8,159 "," 	9,518 "," 	7,432 "," 	5,744 "," 	15,528 "
,2009-10,APRIL,Q32,YORKSHIRE AND THE HUMBER STRATEGIC HEALTH AUTHORITY,5N5,DONCASTER PCT, 	749 ," 	2,444 "," 	3,193 ", 	102 , 	733 , 	835 , 	44 , 	18 ," 	2,700 "," 	5,744 "," 	4,903 "," 	5,465 "," 	4,855 "," 	3,065 "," 	8,191 "
,2009-10,APRIL,Q32,YORKSHIRE AND THE HUMBER STRATEGIC HEALTH AUTHORITY,5NV,NORTH YORKSHIRE AND YORK PCT," 	1,945 "," 	6,721 "," 	8,666 ", 	368 ," 	2,547 "," 	2,915 ", 	- 0, 	297 ," 	6,348 "," 	12,446 "," 	9,677 "," 	11,853 "," 	9,507 "," 	6,474 "," 	15,928 "
,2009-10,APRIL,Q32,YORKSHIRE AND THE HUMBER STRATEGIC HEALTH AUTHORITY,5NW,EAST RIDING OF YORKSHIRE PCT, 	979 ," 	3,120 "," 	4,099 ", 	127 ," 	1,056 "," 	1,183 ", 	- 0, 	212 ," 	2,405 "," 	6,039 "," 	4,748 "," 	5,913 "," 	4,745 "," 	1,774 "," 	6,652 "
,2009-10,APRIL,Q32,YORKSHIRE AND THE HUMBER STRATEGIC HEALTH AUTHORITY,5NX,HULL TEACHING PCT, 	773 ," 	2,454 "," 	3,227 ", 	67 , 	803 , 	870 , 	- 0, 	8 ," 	2,695 "," 	5,384 "," 	3,997 "," 	5,362 "," 	3,997 "," 	1,070 "," 	5,692 "
,2009-10,APRIL,Q32,YORKSHIRE AND THE HUMBER STRATEGIC HEALTH AUTHORITY,5NY,BRADFORD AND AIREDALE TEACHING PCT," 	1,296 "," 	4,553 "," 	5,849 ", 	270 ," 	1,508 "," 	1,778 ", 	589 , 	- 0," 	4,610 "," 	6,958 "," 	6,049 "," 	6,429 "," 	5,431 "," 	3,782 "," 	8,729 "
,2009-10,APRIL,Q32,YORKSHIRE AND THE HUMBER STRATEGIC HEALTH AUTHORITY,TAN,NORTH EAST LINCOLNSHIRE CARE TRUST PLUS, 	497 ," 	1,586 "," 	2,083 ", 	93 , 	566 , 	659 , 	- 0, 	- 0," 	1,350 "," 	2,673 "," 	2,343 "," 	2,475 "," 	2,173 "," 	1,673 "," 	3,955 "
,2009-10,APRIL,Q33,EAST MIDLANDS STRATEGIC HEALTH AUTHORITY,5EM,NOTTINGHAM CITY PCT, 	683 ," 	2,003 "," 	2,686 ", 	109 , 	478 , 	587 , 	397 , 	2 ," 	2,583 "," 	4,870 "," 	3,582 "," 	4,745 "," 	3,475 "," 	1,955 "," 	6,112 "
,2009-10,APRIL,Q33,EAST MIDLANDS STRATEGIC HEALTH AUTHORITY,5ET,BASSETLAW PCT, 	312 , 	947 ," 	1,259 ", 	31 , 	249 , 	280 , 	21 , 	- 0, 	822 ," 	2,115 "," 	1,836 "," 	2,060 "," 	1,769 ", 	539 ," 	2,783 "
,2009-10,APRIL,Q33,EAST MIDLANDS STRATEGIC HEALTH AUTHORITY,5N6,DERBYSHIRE COUNTY PCT," 	1,774 "," 	6,516 "," 	8,290 ", 	238 ," 	2,257 "," 	2,495 ", 	182 , 	- 0," 	5,796 "," 	13,071 "," 	9,917 "," 	12,833 "," 	9,709 "," 	5,574 "," 	14,798 "
,2009-10,APRIL,Q33,EAST MIDLANDS STRATEGIC HEALTH AUTHORITY,5N7,DERBY CITY PCT, 	624 ," 	2,660 "," 	3,284 ", 	114 , 	989 ," 	1,103 ", 	8 , 	8 ," 	2,281 "," 	5,036 "," 	3,600 "," 	4,966 "," 	3,579 "," 	2,235 "," 	5,578 "
,2009-10,APRIL,Q33,EAST MIDLANDS STRATEGIC HEALTH AUTHORITY,5N8,NOTTINGHAMSHIRE COUNTY TEACHING PCT," 	1,802 "," 	5,438 "," 	7,240 ", 	220 ," 	1,146 "," 	1,366 ", 	566 , 	42 ," 	5,346 "," 	10,937 "," 	8,914 "," 	10,756 "," 	8,744 "," 	3,976 "," 	14,118 "
,2009-10,APRIL,Q33,EAST MIDLANDS STRATEGIC HEALTH AUTHORITY,5N9,LINCOLNSHIRE TEACHING PCT," 	2,332 "," 	7,176 "," 	9,508 ", 	467 ," 	2,644 "," 	3,111 ", 	309 , 	- 0," 	5,726 "," 	15,071 "," 	12,819 "," 	13,702 "," 	12,035 "," 	4,610 "," 	18,026 "
,2009-10,APRIL,Q33,EAST MIDLANDS STRATEGIC HEALTH AUTHORITY,5PA,LEICESTERSHIRE COUNTY AND RUTLAND PCT," 	1,367 "," 	5,358 "," 	6,725 ", 	163 ," 	2,230 "," 	2,393 ", 	44 , 	- 0," 	5,317 "," 	10,934 "," 	7,889 "," 	10,345 "," 	8,367 "," 	7,238 "," 	13,009 "
,2009-10,APRIL,Q33,EAST MIDLANDS STRATEGIC HEALTH AUTHORITY,5PC,LEICESTER CITY PCT, 	569 ," 	2,198 "," 	2,767 ", 	87 , 	865 , 	952 , 	25 , 	- 0," 	3,474 "," 	5,482 "," 	3,599 "," 	5,339 "," 	3,702 "," 	3,726 "," 	5,759 "
,2009-10,APRIL,Q33,EAST MIDLANDS STRATEGIC HEALTH AUTHORITY,5PD,NORTHAMPTONSHIRE TEACHING PCT," 	1,660 "," 	6,123 "," 	7,783 ", 	273 ," 	2,092 "," 	2,365 ", 	204 , 	12 ," 	5,174 "," 	9,587 "," 	8,452 "," 	9,409 "," 	8,311 "," 	4,317 "," 	11,781 "
,2009-10,APRIL,Q34,WEST MIDLANDS STRATEGIC HEALTH AUTHORITY,5CN,HEREFORDSHIRE PCT, 	395 ," 	1,308 "," 	1,703 ", 	57 , 	518 , 	575 , 	- 0, 	3 ," 	1,190 "," 	2,730 "," 	2,723 "," 	2,653 "," 	2,662 "," 	1,194 "," 	3,689 "
,2009-10,APRIL,Q34,WEST MIDLANDS STRATEGIC HEALTH AUTHORITY,5M1,SOUTH BIRMINGHAM PCT, 	900 ," 	2,366 "," 	3,266 ", 	153 , 	552 , 	705 , 	- 0, 	227 ," 	3,045 "," 	6,855 "," 	6,560 "," 	5,408 "," 	5,049 "," 	3,629 "," 	8,864 "
,2009-10,APRIL,Q34,WEST MIDLANDS STRATEGIC HEALTH AUTHORITY,5M2,SHROPSHIRE COUNTY PCT, 	687 ," 	2,743 "," 	3,430 ", 	95 ," 	1,004 "," 	1,099 ", 	- 0, 	5 ," 	1,974 "," 	4,168 "," 	2,607 "," 	4,127 "," 	2,417 "," 	3,356 "," 	6,237 "
,2009-10,APRIL,Q34,WEST MIDLANDS STRATEGIC HEALTH AUTHORITY,5M3,WALSALL TEACHING PCT, 	537 ," 	2,488 "," 	3,025 ", 	78 ," 	1,003 "," 	1,081 ", 	- 0, 	43 ," 	1,996 "," 	5,450 "," 	4,177 "," 	5,070 "," 	4,059 "," 	2,282 "," 	7,148 "
,2009-10,APRIL,Q34,WEST MIDLANDS STRATEGIC HEALTH AUTHORITY,5MD,COVENTRY TEACHING PCT, 	862 ," 	2,612 "," 	3,474 ", 	78 , 	914 , 	992 , 	- 0, 	2 ," 	2,424 "," 	6,760 "," 	5,220 "," 	6,419 "," 	4,982 "," 	4,247 "," 	8,700 "
,2009-10,APRIL,Q34,WEST MIDLANDS STRATEGIC HEALTH AUTHORITY,5MK,TELFORD AND WREKIN PCT, 	346 ," 	1,364 "," 	1,710 ", 	45 , 	498 , 	543 , 	- 0, 	11 ," 	1,194 "," 	2,314 "," 	1,219 "," 	2,295 "," 	1,088 "," 	1,862 "," 	1,532 "
,2009-10,APRIL,Q34,WEST MIDLANDS STRATEGIC HEALTH AUTHORITY,5MV,WOLVERHAMPTON CITY PCT, 	542 ," 	2,168 "," 	2,710 ", 	102 , 	998 ," 	1,100 ", 	- 0, 	29 ," 	2,296 "," 	4,712 "," 	4,172 "," 	4,411 "," 	3,743 "," 	3,456 "," 	6,889 "
,2009-10,APRIL,Q34,WEST MIDLANDS STRATEGIC HEALTH AUTHORITY,5MX,HEART OF BIRMINGHAM TEACHING PCT, 	576 ," 	1,586 "," 	2,162 ", 	102 , 	417 , 	519 , 	- 0, 	504 ," 	2,552 "," 	4,207 "," 	3,896 "," 	3,268 "," 	2,842 "," 	4,201 "," 	7,231 "
,2009-10,APRIL,Q34,WEST MIDLANDS STRATEGIC HEALTH AUTHORITY,5PE,DUDLEY PCT, 	810 ," 	3,200 "," 	4,010 ", 	131 ," 	1,325 "," 	1,456 ", 	- 0, 	54 ," 	2,552 "," 	6,007 "," 	4,742 "," 	5,430 "," 	4,233 "," 	1,679 "," 	7,340 "
,2009-10,APRIL,Q34,WEST MIDLANDS STRATEGIC HEALTH AUTHORITY,5PF,SANDWELL PCT, 	796 ," 	3,010 "," 	3,806 ", 	125 , 	747 , 	872 , 	- 0, 	456 ," 	2,855 "," 	4,526 "," 	4,012 "," 	3,937 "," 	3,427 "," 	5,141 "," 	8,719 "
,2009-10,APRIL,Q34,WEST MIDLANDS STRATEGIC HEALTH AUTHORITY,5PG,BIRMINGHAM EAST AND NORTH PCT, 	903 ," 	3,472 "," 	4,375 ", 	174 ," 	1,424 "," 	1,598 ", 	- 0, 	145 ," 	3,444 "," 	6,570 "," 	6,811 "," 	5,922 "," 	5,888 "," 	7,232 "," 	12,105 "
,2009-10,APRIL,Q34,WEST MIDLANDS STRATEGIC HEALTH AUTHORITY,5PH,NORTH STAFFORDSHIRE PCT, 	662 ," 	1,880 "," 	2,542 ", 	328 , 	589 , 	917 , 	- 0, 	17 ," 	1,764 "," 	3,959 "," 	2,789 "," 	3,728 "," 	2,583 "," 	1,798 "," 	3,558 "
,2009-10,APRIL,Q34,WEST MIDLANDS STRATEGIC HEALTH AUTHORITY,5PJ,STOKE ON TRENT PCT, 	632 ," 	2,462 "," 	3,094 ", 	190 , 	732 , 	922 , 	- 0, 	9 ," 	2,949 "," 	5,349 "," 	3,705 "," 	4,882 "," 	3,256 "," 	2,709 "," 	4,932 "
,2009-10,APRIL,Q34,WEST MIDLANDS STRATEGIC HEALTH AUTHORITY,5PK,SOUTH STAFFORDSHIRE PCT," 	1,279 "," 	5,428 "," 	6,707 ", 	136 ," 	2,383 "," 	2,519 ", 	536 , 	379 ," 	4,436 "," 	12,649 "," 	8,855 "," 	11,788 "," 	8,451 "," 	7,977 "," 	13,383 "
,2009-10,APRIL,Q34,WEST MIDLANDS STRATEGIC HEALTH AUTHORITY,5PL,WORCESTERSHIRE PCT," 	1,319 "," 	4,253 "," 	5,572 ", 	123 ," 	1,426 "," 	1,549 ", 	201 , 	56 ," 	3,997 "," 	9,804 "," 	7,695 "," 	9,467 "," 	7,432 "," 	4,356 "," 	11,824 "
,2009-10,APRIL,Q34,WEST MIDLANDS STRATEGIC HEALTH AUTHORITY,5PM,WARWICKSHIRE PCT," 	1,245 "," 	4,292 "," 	5,537 ", 	140 ," 	1,451 "," 	1,591 ", 	19 , 	12 ," 	3,736 "," 	8,611 "," 	6,901 "," 	8,372 "," 	6,596 "," 	5,069 "," 	11,445 "
,2009-10,APRIL,Q34,WEST MIDLANDS STRATEGIC HEALTH AUTHORITY,TAM,SOLIHULL CARE TRUST, 	467 ," 	1,609 "," 	2,076 ", 	111 , 	689 , 	800 , 	- 0, 	62 ," 	1,447 "," 	3,217 "," 	3,236 "," 	2,848 "," 	2,865 "," 	3,393 "," 	5,608 "
,2009-10,APRIL,Q35,EAST OF ENGLAND STRATEGIC HEALTH AUTHORITY,5GC,LUTON PCT, 	541 ," 	1,067 "," 	1,608 ", 	109 , 	273 , 	382 , 	- 0, 	- 0," 	1,661 "," 	3,523 "," 	3,278 "," 	3,060 "," 	2,708 "," 	1,503 "," 	4,600 "
,2009-10,APRIL,Q35,EAST OF ENGLAND STRATEGIC HEALTH AUTHORITY,5P1,SOUTH EAST ESSEX PCT, 	896 ," 	3,058 "," 	3,954 ", 	134 ," 	1,008 "," 	1,142 ", 	- 0, 	- 0," 	3,087 "," 	7,159 "," 	5,627 "," 	7,158 "," 	5,621 "," 	3,118 "," 	7,754 "
,2009-10,APRIL,Q35,EAST OF ENGLAND STRATEGIC HEALTH AUTHORITY,5P2,BEDFORDSHIRE PCT," 	1,016 "," 	3,669 "," 	4,685 ", 	125 , 	498 , 	623 , 	- 0, 	- 0," 	2,618 "," 	7,286 "," 	5,539 "," 	7,046 "," 	5,280 "," 	2,263 "," 	8,908 "
,2009-10,APRIL,Q35,EAST OF ENGLAND STRATEGIC HEALTH AUTHORITY,5P3,EAST AND NORTH HERTFORDSHIRE PCT," 	1,570 "," 	4,010 "," 	5,580 ", 	210 , 	927 ," 	1,137 ", 	- 0, 	- 0," 	3,934 "," 	12,035 "," 	9,783 "," 	11,248 "," 	9,143 "," 	5,123 "," 	13,445 "
,2009-10,APRIL,Q35,EAST OF ENGLAND STRATEGIC HEALTH AUTHORITY,5P4,WEST HERTFORDSHIRE PCT," 	1,464 "," 	4,143 "," 	5,607 ", 	241 , 	939 ," 	1,180 ", 	- 0, 	- 0," 	3,597 "," 	11,691 "," 	10,045 "," 	10,726 "," 	9,216 "," 	5,537 "," 	14,798 "
,2009-10,APRIL,Q35,EAST OF ENGLAND STRATEGIC HEALTH AUTHORITY,5PN,PETERBOROUGH PCT, 	415 ," 	1,135 "," 	1,550 ", 	58 , 	286 , 	344 , 	56 , 	14 ," 	1,619 "," 	2,588 "," 	2,416 "," 	2,436 "," 	2,375 "," 	1,366 "," 	3,422 "
,2009-10,APRIL,Q35,EAST OF ENGLAND STRATEGIC HEALTH AUTHORITY,5PP,CAMBRIDGESHIRE PCT," 	1,551 "," 	5,080 "," 	6,631 ", 	277 ," 	1,714 "," 	1,991 ", 	29 ," 	1,100 "," 	4,127 "," 	9,378 "," 	7,444 "," 	9,348 "," 	7,195 "," 	5,002 "," 	11,542 "
,2009-10,APRIL,Q35,EAST OF ENGLAND STRATEGIC HEALTH AUTHORITY,5PQ,NORFOLK PCT," 	1,736 "," 	7,056 "," 	8,792 ", 	265 ," 	2,535 "," 	2,800 ", 	484 , 	49 ," 	5,885 "," 	15,889 "," 	13,259 "," 	15,106 "," 	12,614 "," 	6,032 "," 	18,627 "
,2009-10,APRIL,Q35,EAST OF ENGLAND STRATEGIC HEALTH AUTHORITY,5PR,GREAT YARMOUTH AND WAVENEY PCT, 	778 ," 	2,164 "," 	2,942 ", 	113 , 	535 , 	648 , 	- 0, 	- 0," 	1,713 "," 	4,795 "," 	4,166 "," 	4,242 "," 	4,045 "," 	1,119 "," 	5,101 "
,2009-10,APRIL,Q35,EAST OF ENGLAND STRATEGIC HEALTH AUTHORITY,5PT,SUFFOLK PCT," 	1,494 "," 	4,697 "," 	6,191 ", 	200 ," 	1,565 "," 	1,765 ", 	- 0, 	- 0," 	4,629 "," 	10,710 "," 	9,142 "," 	10,413 "," 	8,910 "," 	5,063 "," 	14,266 "
,2009-10,APRIL,Q35,EAST OF ENGLAND STRATEGIC HEALTH AUTHORITY,5PV,WEST ESSEX PCT, 	682 ," 	2,587 "," 	3,269 ", 	102 , 	967 ," 	1,069 ", 	- 0, 	- 0," 	2,170 "," 	5,115 "," 	4,513 "," 	4,895 "," 	4,207 "," 	2,283 "," 	6,160 "
,2009-10,APRIL,Q35,EAST OF ENGLAND STRATEGIC HEALTH AUTHORITY,5PW,NORTH EAST ESSEX PCT, 	829 ," 	2,033 "," 	2,862 ", 	94 , 	447 , 	541 , 	- 0, 	- 0," 	2,271 "," 	5,755 "," 	4,735 "," 	5,667 "," 	4,575 "," 	2,335 "," 	6,501 "
,2009-10,APRIL,Q35,EAST OF ENGLAND STRATEGIC HEALTH AUTHORITY,5PX,MID ESSEX PCT, 	811 ," 	2,642 "," 	3,453 ", 	125 , 	910 ," 	1,035 ", 	3 , 	- 0," 	3,199 "," 	5,856 "," 	5,294 "," 	5,785 "," 	4,704 "," 	5,386 "," 	7,940 "
,2009-10,APRIL,Q35,EAST OF ENGLAND STRATEGIC HEALTH AUTHORITY,5PY,SOUTH WEST ESSEX PCT, 	845 ," 	2,713 "," 	3,558 ", 	167 , 	886 ," 	1,053 ", 	- 0, 	- 0," 	2,817 "," 	7,160 "," 	5,746 "," 	6,895 "," 	5,708 "," 	4,219 "," 	9,173 "
,2009-10,APRIL,Q36,LONDON STRATEGIC HEALTH AUTHORITY,5A4,HAVERING PCT, 	640 ," 	2,293 "," 	2,933 ", 	74 , 	399 , 	473 , 	370 , 	- 0," 	2,045 "," 	3,350 "," 	2,722 "," 	3,349 "," 	2,466 "," 	2,713 "," 	5,629 "
,2009-10,APRIL,Q36,LONDON STRATEGIC HEALTH AUTHORITY,5A5,KINGSTON PCT, 	302 ," 	1,136 "," 	1,438 ", 	82 , 	232 , 	314 , 	- 0, 	- 0, 	795 ," 	2,590 "," 	2,011 "," 	2,582 "," 	2,004 "," 	1,054 "," 	2,861 "
,2009-10,APRIL,Q36,LONDON STRATEGIC HEALTH AUTHORITY,5A7,BROMLEY PCT, 	778 ," 	3,083 "," 	3,861 ", 	117 , 	710 , 	827 , 	133 , 	2 ," 	2,060 "," 	6,307 "," 	5,205 "," 	5,798 "," 	4,789 ", 	853 ," 	6,789 "
,2009-10,APRIL,Q36,LONDON STRATEGIC HEALTH AUTHORITY,5A8,GREENWICH TEACHING PCT, 	441 ," 	1,740 "," 	2,181 ", 	83 , 	790 , 	873 , 	- 0, 	3 ," 	1,222 "," 	3,680 "," 	3,006 "," 	3,598 "," 	2,992 "," 	2,098 "," 	6,046 "
,2009-10,APRIL,Q36,LONDON STRATEGIC HEALTH AUTHORITY,5A9,BARNET PCT, 	712 ," 	2,471 "," 	3,183 ", 	104 , 	430 , 	534 , 	- 0, 	- 0," 	2,465 "," 	7,644 "," 	5,765 "," 	7,163 "," 	5,708 "," 	3,436 "," 	8,242 "
,2009-10,APRIL,Q36,LONDON STRATEGIC HEALTH AUTHORITY,5AT,HILLINGDON PCT, 	566 ," 	1,789 "," 	2,355 ", 	75 , 	309 , 	384 , 	- 0, 	- 0," 	1,937 "," 	4,362 "," 	3,995 "," 	4,241 "," 	3,608 "," 	1,748 "," 	5,469 "
,2009-10,APRIL,Q36,LONDON STRATEGIC HEALTH AUTHORITY,5C1,ENFIELD PCT, 	612 ," 	2,363 "," 	2,975 ", 	46 , 	566 , 	612 , 	- 0, 	374 ," 	2,120 "," 	5,601 "," 	4,036 "," 	5,152 "," 	3,419 "," 	3,501 "," 	7,306 "
,2009-10,APRIL,Q36,LONDON STRATEGIC HEALTH AUTHORITY,5C2,BARKING AND DAGENHAM PCT, 	340 ," 	1,053 "," 	1,393 ", 	38 , 	228 , 	266 , 	121 , 	- 0," 	1,890 "," 	3,012 "," 	2,319 "," 	3,007 "," 	2,314 "," 	1,897 "," 	4,270 "
,2009-10,APRIL,Q36,LONDON STRATEGIC HEALTH AUTHORITY,5C3,CITY AND HACKNEY TEACHING PCT, 	458 ," 	1,382 "," 	1,840 ", 	57 , 	165 , 	222 , 	- 0, 	- 0," 	1,761 "," 	4,756 "," 	4,667 "," 	3,832 "," 	3,877 "," 	2,699 "," 	6,563 "
,2009-10,APRIL,Q36,LONDON STRATEGIC HEALTH AUTHORITY,5C4,TOWER HAMLETS PCT, 	368 ," 	1,109 "," 	1,477 ", 	30 , 	130 , 	160 , 	9 , 	- 0," 	1,805 "," 	3,566 "," 	3,273 "," 	3,420 "," 	2,961 "," 	2,436 "," 	5,270 "
,2009-10,APRIL,Q36,LONDON STRATEGIC HEALTH AUTHORITY,5C5,NEWHAM PCT, 	498 ," 	1,476 "," 	1,974 ", 	77 , 	367 , 	444 , 	- 0, 	- 0," 	2,322 "," 	4,831 "," 	4,736 "," 	4,405 "," 	3,827 "," 	2,816 "," 	6,432 "
,2009-10,APRIL,Q36,LONDON STRATEGIC HEALTH AUTHORITY,5C9,HARINGEY TEACHING PCT, 	450 ," 	1,911 "," 	2,361 ", 	41 , 	464 , 	505 , 	- 0, 	21 ," 	1,597 "," 	4,880 "," 	3,860 "," 	4,457 "," 	3,501 "," 	3,077 "," 	7,322 "
,2009-10,APRIL,Q36,LONDON STRATEGIC HEALTH AUTHORITY,5H1,HAMMERSMITH AND FULHAM PCT, 	347 ," 	1,048 "," 	1,395 ", 	36 , 	300 , 	336 , 	- 0, 	- 0," 	1,632 "," 	2,994 "," 	2,627 "," 	2,653 "," 	2,411 "," 	1,574 "," 	4,226 "
,2009-10,APRIL,Q36,LONDON STRATEGIC HEALTH AUTHORITY,5HX,EALING PCT, 	693 ," 	2,521 "," 	3,214 ", 	57 , 	599 , 	656 , 	- 0, 	- 0," 	2,893 "," 	6,919 "," 	5,316 "," 	6,214 "," 	4,587 "," 	3,510 "," 	8,445 "
,2009-10,APRIL,Q36,LONDON STRATEGIC HEALTH AUTHORITY,5HY,HOUNSLOW PCT, 	532 ," 	1,436 "," 	1,968 ", 	48 , 	230 , 	278 , 	- 0, 	- 0," 	2,289 "," 	5,255 "," 	4,143 "," 	4,692 "," 	3,989 "," 	2,358 "," 	6,288 "
,2009-10,APRIL,Q36,LONDON STRATEGIC HEALTH AUTHORITY,5K5,BRENT TEACHING PCT, 	660 ," 	2,046 "," 	2,706 ", 	91 , 	557 , 	648 , 	- 0, 	- 0," 	2,100 "," 	6,231 "," 	4,763 "," 	5,922 "," 	4,259 "," 	2,682 "," 	7,211 "
,2009-10,APRIL,Q36,LONDON STRATEGIC HEALTH AUTHORITY,5K6,HARROW PCT, 	465 ," 	1,527 "," 	1,992 ", 	91 , 	527 , 	618 , 	- 0, 	- 0," 	1,593 "," 	3,806 "," 	3,243 "," 	3,373 "," 	2,920 "," 	2,185 "," 	4,805 "
,2009-10,APRIL,Q36,LONDON STRATEGIC HEALTH AUTHORITY,5K7,CAMDEN PCT, 	395 ," 	1,401 "," 	1,796 ", 	64 , 	322 , 	386 , 	- 0, 	- 0," 	1,411 "," 	4,622 "," 	3,839 "," 	3,559 "," 	2,918 "," 	3,017 "," 	6,770 "
,2009-10,APRIL,Q36,LONDON STRATEGIC HEALTH AUTHORITY,5K8,ISLINGTON PCT, 	324 ," 	1,570 "," 	1,894 ", 	30 , 	336 , 	366 , 	- 0, 	- 0," 	1,568 "," 	4,269 "," 	3,411 "," 	3,884 "," 	3,104 "," 	2,395 "," 	5,075 "
,2009-10,APRIL,Q36,LONDON STRATEGIC HEALTH AUTHORITY,5K9,CROYDON PCT, 	693 ," 	3,081 "," 	3,774 ", 	89 ," 	1,168 "," 	1,257 ", 	6 , 	49 ," 	2,439 "," 	6,284 "," 	5,230 "," 	5,794 "," 	4,738 "," 	3,688 "," 	8,907 "
,2009-10,APRIL,Q36,LONDON STRATEGIC HEALTH AUTHORITY,5LA,KENSINGTON AND CHELSEA PCT, 	294 ," 	1,040 "," 	1,334 ", 	46 , 	290 , 	336 , 	- 0, 	- 0," 	1,051 "," 	3,185 "," 	2,581 "," 	3,047 "," 	2,430 "," 	1,431 "," 	6,706 "
,2009-10,APRIL,Q36,LONDON STRATEGIC HEALTH AUTHORITY,5LC,WESTMINSTER PCT, 	465 ," 	1,379 "," 	1,844 ", 	84 , 	463 , 	547 , 	- 0, 	- 0," 	1,442 "," 	4,226 "," 	3,129 "," 	4,156 "," 	3,057 "," 	2,263 "," 	6,956 "
,2009-10,APRIL,Q36,LONDON STRATEGIC HEALTH AUTHORITY,5LD,LAMBETH PCT, 	531 ," 	1,885 "," 	2,416 ", 	59 , 	313 , 	372 , 	- 0, 	- 0," 	2,263 "," 	5,399 "," 	4,236 "," 	5,233 "," 	4,168 "," 	3,243 "," 	9,576 "
,2009-10,APRIL,Q36,LONDON STRATEGIC HEALTH AUTHORITY,5LE,SOUTHWARK PCT, 	437 ," 	1,836 "," 	2,273 ", 	69 , 	255 , 	324 , 	- 0, 	- 0," 	2,045 "," 	4,327 "," 	3,560 "," 	4,298 "," 	3,540 "," 	3,067 "," 	8,349 "
,2009-10,APRIL,Q36,LONDON STRATEGIC HEALTH AUTHORITY,5LF,LEWISHAM PCT, 	504 ," 	2,309 "," 	2,813 ", 	100 , 	614 , 	714 , 	- 0, 	- 0," 	1,862 "," 	4,991 "," 	3,696 "," 	4,964 "," 	3,669 "," 	2,178 "," 	5,572 "
,2009-10,APRIL,Q36,LONDON STRATEGIC HEALTH AUTHORITY,5LG,WANDSWORTH PCT, 	503 ," 	1,345 "," 	1,848 ", 	146 , 	425 , 	571 , 	- 0, 	- 0," 	1,892 "," 	7,014 "," 	3,876 "," 	6,362 "," 	3,807 "," 	2,119 "," 	7,455 "
,2009-10,APRIL,Q36,LONDON STRATEGIC HEALTH AUTHORITY,5M6,RICHMOND AND TWICKENHAM PCT, 	377 , 	868 ," 	1,245 ", 	5 , 	10 , 	15 , 	- 0, 	- 0, 	992 ," 	3,178 "," 	2,678 "," 	3,147 "," 	2,660 "," 	1,378 "," 	5,910 "
,2009-10,APRIL,Q36,LONDON STRATEGIC HEALTH AUTHORITY,5M7,SUTTON AND MERTON PCT, 	790 ," 	2,770 "," 	3,560 ", 	126 , 	516 , 	642 , 	4 , 	129 ," 	2,770 "," 	6,715 "," 	4,964 "," 	6,362 "," 	4,842 "," 	1,815 "," 	13,596 "
,2009-10,APRIL,Q36,LONDON STRATEGIC HEALTH AUTHORITY,5NA,REDBRIDGE PCT, 	474 ," 	1,791 "," 	2,265 ", 	80 , 	462 , 	542 , 	100 , 	- 0," 	2,281 "," 	4,919 "," 	3,823 "," 	4,841 "," 	3,749 "," 	2,187 "," 	6,247 "
,2009-10,APRIL,Q36,LONDON STRATEGIC HEALTH AUTHORITY,5NC,WALTHAM FOREST PCT, 	435 ," 	1,669 "," 	2,104 ", 	45 , 	537 , 	582 , 	- 0, 	5 ," 	1,796 "," 	4,142 "," 	3,376 "," 	4,142 "," 	3,376 "," 	2,583 "," 	4,257 "
,2009-10,APRIL,Q36,LONDON STRATEGIC HEALTH AUTHORITY,TAK,BEXLEY CARE TRUST, 	627 ," 	1,513 "," 	2,140 ", 	178 , 	349 , 	527 , 	- 0, 	33 ," 	1,550 "," 	3,371 "," 	2,198 "," 	2,836 "," 	2,092 "," 	1,866 "," 	5,115 "
,2009-10,APRIL,Q37,SOUTH EAST COAST STRATEGIC HEALTH AUTHORITY,5L3,MEDWAY PCT, 	574 ," 	1,587 "," 	2,161 ", 	41 , 	201 , 	242 , 	157 , 	18 ," 	2,196 "," 	5,549 "," 	3,895 "," 	5,327 "," 	3,895 "," 	1,606 "," 	5,619 "
,2009-10,APRIL,Q37,SOUTH EAST COAST STRATEGIC HEALTH AUTHORITY,5LQ,BRIGHTON AND HOVE CITY PCT, 	738 ," 	1,489 "," 	2,227 ", 	254 , 	197 , 	451 , 	210 , 	- 0," 	2,181 "," 	5,914 "," 	4,251 "," 	5,841 "," 	4,067 "," 	2,547 "," 	5,622 "
,2009-10,APRIL,Q37,SOUTH EAST COAST STRATEGIC HEALTH AUTHORITY,5P5,SURREY PCT," 	2,148 "," 	7,123 "," 	9,271 ", 	122 ," 	1,596 "," 	1,718 ", 	- 0, 	635 ," 	8,261 "," 	17,355 "," 	15,440 "," 	16,574 "," 	13,739 "," 	5,926 "," 	21,885 "
,2009-10,APRIL,Q37,SOUTH EAST COAST STRATEGIC HEALTH AUTHORITY,5P6,WEST SUSSEX PCT," 	2,061 "," 	5,420 "," 	7,481 ", 	347 , 	990 ," 	1,337 ", 	- 0," 	1,484 "," 	6,668 "," 	12,725 "," 	10,105 "," 	12,527 "," 	9,893 "," 	8,587 "," 	17,892 "
,2009-10,APRIL,Q37,SOUTH EAST COAST STRATEGIC HEALTH AUTHORITY,5P7,EAST SUSSEX DOWNS AND WEALD PCT," 	1,104 "," 	2,336 "," 	3,440 ", 	246 , 	702 , 	948 , 	- 0, 	- 0," 	2,631 "," 	7,789 "," 	6,207 "," 	7,678 "," 	6,104 "," 	2,591 "," 	8,420 "
,2009-10,APRIL,Q37,SOUTH EAST COAST STRATEGIC HEALTH AUTHORITY,5P8,HASTINGS AND ROTHER PCT, 	453 ," 	1,173 "," 	1,626 ", 	43 , 	448 , 	491 , 	- 0, 	- 0," 	1,652 "," 	3,935 "," 	3,300 "," 	3,934 "," 	3,299 "," 	1,604 "," 	4,573 "
,2009-10,APRIL,Q37,SOUTH EAST COAST STRATEGIC HEALTH AUTHORITY,5P9,WEST KENT PCT," 	1,602 "," 	3,795 "," 	5,397 ", 	196 , 	779 , 	975 , 	675 , 	266 ," 	4,650 "," 	10,692 "," 	8,931 "," 	10,434 "," 	8,747 "," 	5,069 "," 	11,856 "
,2009-10,APRIL,Q37,SOUTH EAST COAST STRATEGIC HEALTH AUTHORITY,5QA,EASTERN AND COASTAL KENT PCT," 	1,817 "," 	5,128 "," 	6,945 ", 	254 ," 	1,556 "," 	1,810 ", 	88 , 	- 0," 	6,130 "," 	11,588 "," 	9,466 "," 	11,529 "," 	9,280 "," 	6,712 "," 	15,669 "
,2009-10,APRIL,Q38,SOUTH CENTRAL STRATEGIC HEALTH AUTHORITY,5CQ,MILTON KEYNES PCT, 	419 ," 	1,315 "," 	1,734 ", 	47 , 	331 , 	378 , 	179 , 	- 0," 	2,141 "," 	4,013 "," 	3,782 "," 	3,603 "," 	3,440 "," 	1,495 "," 	5,244 "
,2009-10,APRIL,Q38,SOUTH CENTRAL STRATEGIC HEALTH AUTHORITY,5FE,PORTSMOUTH CITY TEACHING PCT, 	443 ," 	1,426 "," 	1,869 ", 	60 , 	295 , 	355 , 	210 , 	342 ," 	1,858 "," 	3,968 "," 	3,176 "," 	3,608 "," 	2,944 "," 	1,367 "," 	5,011 "
,2009-10,APRIL,Q38,SOUTH CENTRAL STRATEGIC HEALTH AUTHORITY,5L1,SOUTHAMPTON CITY PCT, 	646 ," 	1,674 "," 	2,320 ", 	144 , 	711 , 	855 , 	342 , 	34 ," 	2,560 "," 	4,146 "," 	3,480 "," 	4,094 "," 	3,446 "," 	2,804 "," 	5,935 "
,2009-10,APRIL,Q38,SOUTH CENTRAL STRATEGIC HEALTH AUTHORITY,5QC,HAMPSHIRE PCT," 	3,374 "," 	9,935 "," 	13,309 ", 	503 ," 	2,646 "," 	3,149 ", 	331 ," 	3,566 "," 	9,635 "," 	21,411 "," 	17,935 "," 	20,557 "," 	17,408 "," 	11,229 "," 	28,551 "
,2009-10,APRIL,Q38,SOUTH CENTRAL STRATEGIC HEALTH AUTHORITY,5QD,BUCKINGHAMSHIRE PCT," 	1,018 "," 	3,581 "," 	4,599 ", 	207 ," 	1,117 "," 	1,324 ", 	31 , 	- 0," 	3,692 "," 	8,058 "," 	6,619 "," 	7,877 "," 	6,411 "," 	2,444 "," 	10,601 "
,2009-10,APRIL,Q38,SOUTH CENTRAL STRATEGIC HEALTH AUTHORITY,5QE,OXFORDSHIRE PCT," 	1,156 "," 	3,383 "," 	4,539 ", 	315 ," 	1,197 "," 	1,512 ", 	160 , 	- 0," 	4,294 "," 	8,189 "," 	7,307 "," 	8,023 "," 	6,909 "," 	4,483 "," 	13,515 "
,2009-10,APRIL,Q38,SOUTH CENTRAL STRATEGIC HEALTH AUTHORITY,5QF,BERKSHIRE WEST PCT, 	824 ," 	2,445 "," 	3,269 ", 	136 , 	525 , 	661 , 	126 , 	- 0," 	2,724 "," 	6,769 "," 	5,237 "," 	6,267 "," 	4,787 "," 	2,393 "," 	9,067 "
,2009-10,APRIL,Q38,SOUTH CENTRAL STRATEGIC HEALTH AUTHORITY,5QG,BERKSHIRE EAST PCT, 	681 ," 	2,730 "," 	3,411 ", 	92 , 	427 , 	519 , 	118 , 	- 0," 	2,589 "," 	5,748 "," 	5,162 "," 	5,748 "," 	5,162 "," 	2,768 "," 	7,031 "
,2009-10,APRIL,Q38,SOUTH CENTRAL STRATEGIC HEALTH AUTHORITY,5QT,ISLE OF WIGHT NHS PCT, 	344 , 	802 ," 	1,146 ", 	38 , 	64 , 	102 , 	- 0, 	- 0, 	991 ," 	2,694 "," 	2,154 "," 	2,622 "," 	2,095 "," 	1,569 "," 	3,725 "
,2009-10,APRIL,Q39,SOUTH WEST STRATEGIC HEALTH AUTHORITY,5A3,SOUTH GLOUCESTERSHIRE PCT, 	602 ," 	2,187 "," 	2,789 ", 	94 , 	963 ," 	1,057 ", 	72 , 	- 0," 	1,505 "," 	3,733 "," 	2,960 "," 	3,583 "," 	2,848 "," 	1,831 "," 	4,688 "
,2009-10,APRIL,Q39,SOUTH WEST STRATEGIC HEALTH AUTHORITY,5F1,PLYMOUTH TEACHING PCT, 	749 ," 	2,101 "," 	2,850 ", 	121 , 	335 , 	456 , 	76 , 	277 ," 	2,241 "," 	4,719 "," 	3,709 "," 	4,920 "," 	4,072 "," 	1,538 "," 	6,081 "
,2009-10,APRIL,Q39,SOUTH WEST STRATEGIC HEALTH AUTHORITY,5FL,BATH AND NORTH EAST SOMERSET PCT, 	381 ," 	1,215 "," 	1,596 ", 	50 , 	212 , 	262 , 	53 , 	- 0," 	1,351 "," 	3,054 "," 	2,807 "," 	3,357 "," 	3,073 "," 	1,893 "," 	4,677 "
,2009-10,APRIL,Q39,SOUTH WEST STRATEGIC HEALTH AUTHORITY,5K3,SWINDON PCT, 	442 ," 	1,355 "," 	1,797 ", 	72 , 	476 , 	548 , 	- 0, 	236 ," 	1,610 "," 	3,666 "," 	3,208 "," 	3,465 "," 	2,989 "," 	1,823 "," 	5,679 "
,2009-10,APRIL,Q39,SOUTH WEST STRATEGIC HEALTH AUTHORITY,5M8,NORTH SOMERSET PCT, 	496 ," 	1,910 "," 	2,406 ", 	65 , 	646 , 	711 , 	14 , 	- 0," 	1,626 "," 	3,316 "," 	3,082 "," 	3,251 "," 	3,025 "," 	1,473 "," 	4,552 "
,2009-10,APRIL,Q39,SOUTH WEST STRATEGIC HEALTH AUTHORITY,5QH,GLOUCESTERSHIRE PCT," 	1,489 "," 	5,533 "," 	7,022 ", 	232 ," 	2,526 "," 	2,758 ", 	12 , 	10 ," 	4,488 "," 	9,184 "," 	7,099 "," 	8,766 "," 	7,437 "," 	5,377 "," 	13,569 "
,2009-10,APRIL,Q39,SOUTH WEST STRATEGIC HEALTH AUTHORITY,5QJ,BRISTOL PCT, 	983 ," 	3,807 "," 	4,790 ", 	168 ," 	1,397 "," 	1,565 ", 	24 , 	2 ," 	3,316 "," 	7,234 "," 	5,869 "," 	6,735 "," 	5,436 "," 	3,747 "," 	9,555 "
,2009-10,APRIL,Q39,SOUTH WEST STRATEGIC HEALTH AUTHORITY,5QK,WILTSHIRE PCT," 	1,014 "," 	3,115 "," 	4,129 ", 	143 , 	559 , 	702 , 	- 0, 	181 ," 	3,161 "," 	7,890 "," 	6,845 "," 	7,797 "," 	6,782 "," 	4,894 "," 	11,122 "
,2009-10,APRIL,Q39,SOUTH WEST STRATEGIC HEALTH AUTHORITY,5QL,SOMERSET PCT," 	1,453 "," 	4,305 "," 	5,758 ", 	169 , 	992 ," 	1,161 ", 	410 , 	- 0," 	4,437 "," 	7,771 "," 	7,323 "," 	8,132 "," 	7,346 "," 	3,637 "," 	11,770 "
,2009-10,APRIL,Q39,SOUTH WEST STRATEGIC HEALTH AUTHORITY,5QM,DORSET PCT," 	1,305 "," 	4,363 "," 	5,668 ", 	159 ," 	1,445 "," 	1,604 ", 	44 , 	4 ," 	3,337 "," 	7,914 "," 	6,021 "," 	7,019 "," 	5,981 "," 	3,199 "," 	9,544 "
,2009-10,APRIL,Q39,SOUTH WEST STRATEGIC HEALTH AUTHORITY,5QN,BOURNEMOUTH AND POOLE TEACHING PCT," 	1,030 "," 	3,877 "," 	4,907 ", 	163 ," 	1,782 "," 	1,945 ", 	- 0, 	- 0," 	3,313 "," 	7,246 "," 	5,346 "," 	5,753 "," 	4,598 "," 	3,838 "," 	9,664 "
,2009-10,APRIL,Q39,SOUTH WEST STRATEGIC HEALTH AUTHORITY,5QP,CORNWALL AND ISLES OF SCILLY PCT," 	1,827 "," 	4,939 "," 	6,766 ", 	297 ," 	1,803 "," 	2,100 ", 	3 , 	555 ," 	4,238 "," 	9,781 "," 	7,706 "," 	10,630 "," 	7,720 "," 	4,277 "," 	12,611 "
,2009-10,APRIL,Q39,SOUTH WEST STRATEGIC HEALTH AUTHORITY,5QQ,DEVON PCT," 	2,606 "," 	6,794 "," 	9,400 ", 	540 ," 	2,575 "," 	3,115 ", 	- 0, 	222 ," 	5,717 "," 	11,373 "," 	9,618 "," 	12,073 "," 	9,928 "," 	6,449 "," 	16,391 "
,2009-10,APRIL,Q39,SOUTH WEST STRATEGIC HEALTH AUTHORITY,TAL,TORBAY CARE TRUST, 	478 ," 	1,395 "," 	1,873 ", 	84 , 	469 , 	553 , 	- 0, 	233 ," 	1,366 "," 	2,346 "," 	2,346 "," 	2,340 "," 	2,344 "," 	1,092 "," 	3,366 "