,,,,,,,,,,,,,,,,,,,,,,
,,,,,,,,,,,,,,,,,,,,,,
,,,,,,,,,,,,,,,,,,,,,,
,,,,,,,,,,,,,,,,,,,,,,
,,,,,,,,,,,,,,,,,,,,,,
,,,,,,,,,,,,,,,,,,,,,,
,,,,,,,,,,,,,,,,,,,,,,
,,,,,,,,,,,,,,,,,,,,,,
,,,,,,,,,,,,,,,,,,,,,,
"Table A: Headline figures for England, Commissioning Region and individual provider (2020-21)",,,,,,,,,,,,,,,,,,,,,,
,,,,,,,,,,,,,,,,,,,,,,
"NHS Digital, Hospital Episode Statistics for England. Inpatient statistics, 2019-20",,,,,,,,,,,,,,,,,,,,,,
Activity in English NHS Hospitals and English NHS commissioned activity in the independent sector.,,,,,,,,,,,,,,,,,,,,,,
For more information on data quality please see the data quality note accompanying this publication.,,,,,,,,,,,,,,,,,,,,,,
,, 	2 , 	3 , 	4 , 	5 , 	6 , 	7 , 	8 , 	9 , 	10 , 	11 ,,,,,,,,,,,
,Commissioning Region/Provider,Total Episodes,Admissions,Male Admissions,Female Admissions,Emergency Admissions,Planned Admissions,Waiting List Admissions,Ordinary Episodes,Daycase Episodes,FCE Bed Days,,,,,,,,,,,
ALL,ENGLAND," 	16,168,689 "," 	12,813,120 "," 	5,644,412 "," 	7,141,476 "," 	5,450,837 "," 	1,793,204 "," 	3,835,610 "," 	11,406,638 "," 	4,762,051 "," 	35,762,286 ",,,,,,,,,,,
,,,,,,,,,,,,,,,,,,,,,,
Y56,London," 	2,435,070 "," 	1,954,340 "," 	835,685 "," 	1,096,620 "," 	725,130 "," 	251,005 "," 	644,300 "," 	1,725,045 "," 	710,025 "," 	5,757,267 ",,,,,,,,,,,
Y58,South West," 	1,712,165 "," 	1,348,600 "," 	603,220 "," 	745,180 "," 	577,295 "," 	195,375 "," 	419,770 "," 	1,185,130 "," 	527,040 "," 	3,644,954 ",,,,,,,,,,,
Y59,South East," 	2,329,375 "," 	1,838,065 "," 	825,895 "," 	1,011,870 "," 	832,300 "," 	202,605 "," 	582,405 "," 	1,693,710 "," 	635,665 "," 	5,422,607 ",,,,,,,,,,,
Y60,Midlands," 	3,044,335 "," 	2,412,970 "," 	1,051,470 "," 	1,361,060 "," 	1,043,930 "," 	375,910 "," 	650,430 "," 	2,159,555 "," 	884,780 "," 	6,555,395 ",,,,,,,,,,,
Y61,East of England ," 	1,769,275 "," 	1,373,040 "," 	604,820 "," 	764,285 "," 	587,905 "," 	213,000 "," 	373,345 "," 	1,256,475 "," 	512,800 "," 	3,756,438 ",,,,,,,,,,,
Y62,North West," 	2,257,845 "," 	1,779,565 "," 	787,955 "," 	991,400 "," 	803,540 "," 	212,605 "," 	529,945 "," 	1,618,760 "," 	639,085 "," 	5,038,937 ",,,,,,,,,,,
Y63,North East & Yorkshire," 	2,619,465 "," 	2,105,385 "," 	935,035 "," 	1,170,230 "," 	880,735 "," 	342,705 "," 	634,260 "," 	1,767,635 "," 	851,830 "," 	5,586,268 ",,,,,,,,,,,
,,,,,,,,,,,,,,,,,,,,,,
15A,NHS Berkshire West Ccg,*,*, 	-   ,*, 	-   , 	-   ,*, 	-   ,*,*,,,,,,,,,,,
15D,NHS East Berkshire Ccg,*,*,*, 	-   , 	-   , 	-   ,*, 	-   ,*,*,,,,,,,,,,,
8A718,London Clinic, 	85 , 	85 , 	40 , 	45 , 	-   , 	-   , 	-   , 	85 , 	-   , 	370 ,,,,,,,,,,,
8HE28,Harley Street On 15, 	70 , 	70 , 	30 , 	40 , 	55 , 	-   , 	15 , 	70 , 	-   , 	139 ,,,,,,,,,,,
AAH01,Tetbury Hospital Trust, 	750 , 	750 , 	290 , 	460 , 	-   , 	-   , 	750 ,*, 	745 , 	47 ,,,,,,,,,,,
ACG07,Newmedica Community Ophthalmology - Leicestershire - Leicester (Stoneygate Eye Hospital)," 	1,390 "," 	1,390 ", 	625 , 	770 , 	-   ," 	1,390 ", 	-   , 	-   ," 	1,390 ", 	-   ,,,,,,,,,,,
ACG08,Newmedica Ophthalmology - Nuneaton - Camp Hill - Gp Led Health Centre," 	2,275 "," 	2,275 ", 	990 ," 	1,285 ", 	-   ," 	2,275 ", 	-   , 	-   ," 	2,275 ", 	-   ,,,,,,,,,,,
ACG09,Newmedica Community Ophthalmology - North Derbyshire - Barlborough Treatment Centre," 	1,030 "," 	1,030 ", 	460 , 	570 , 	-   ," 	1,030 ", 	-   , 	-   ," 	1,030 ", 	-   ,,,,,,,,,,,
ACG12,Newmedica Community Ophthalmology - North East Lincolnshire - Grimsby," 	2,125 "," 	2,125 ", 	970 ," 	1,155 ", 	-   ," 	2,125 ", 	-   , 	-   ," 	2,125 ", 	-   ,,,,,,,,,,,
ACG13,Newmedica Community Ophthalmology - Gloucestershire - Gloucester (Aspen Centre) (Acg13)," 	2,810 "," 	2,810 "," 	1,170 "," 	1,640 ", 	-   ," 	2,810 ", 	-   , 	-   ," 	2,810 ", 	-   ,,,,,,,,,,,
ACG19,Newmedica Community Ophthalmology - Leeds," 	1,890 "," 	1,890 ", 	785 ," 	1,105 ", 	-   ," 	1,890 ", 	-   , 	-   ," 	1,890 ", 	-   ,,,,,,,,,,,
ACG20,Newmedica - Bristol - Litfield House," 	2,060 "," 	2,060 ", 	870 ," 	1,190 ", 	-   ," 	2,060 ", 	-   , 	-   ," 	2,060 ", 	-   ,,,,,,,,,,,
ACG22,Newmedica - Brigg - Riverside Surgery, 	255 , 	255 , 	110 , 	150 , 	-   , 	255 , 	-   , 	-   , 	255 , 	-   ,,,,,,,,,,,
ACG24,Newmedica - Teesside - North Ormesby," 	3,940 "," 	3,940 "," 	1,685 "," 	2,255 ", 	-   ," 	3,940 ", 	-   , 	-   ," 	3,940 ", 	-   ,,,,,,,,,,,
ACG36,Newmedica - Exeter - Glen House, 	760 , 	760 , 	305 , 	455 , 	-   , 	760 , 	-   , 	-   , 	760 , 	-   ,,,,,,,,,,,
ACG37,Newmedica - Ipswich, 	990 , 	990 , 	410 , 	580 , 	-   , 	990 , 	-   , 	-   , 	990 , 	-   ,,,,,,,,,,,
ACG38,Newmedica - Langford,*,*,*, 	-   , 	-   ,*, 	-   , 	-   ,*,*,,,,,,,,,,,
ACG40,Newmedica - Wakefield, 	80 , 	80 , 	25 , 	55 , 	-   , 	80 , 	-   , 	-   , 	80 , 	-   ,,,,,,,,,,,
ACG41,Newmedica - Frome, 	130 , 	130 , 	60 , 	70 , 	-   , 	130 , 	-   , 	-   , 	130 , 	-   ,,,,,,,,,,,
ADP02,Kims Hospital (Newnham Court)," 	1,385 "," 	1,385 ", 	580 , 	805 , 	-   ," 	1,225 ", 	160 , 	395 , 	990 , 	721 ,,,,,,,,,,,
AHR01,King Edward Vii's Hospital Sister Agnes, 	260 , 	260 , 	20 , 	245 , 	-   , 	-   , 	260 , 	140 , 	125 , 	272 ,,,,,,,,,,,
AVQ01,One Ashford Hospital, 	270 , 	270 , 	145 , 	125 , 	-   , 	-   , 	270 , 	100 , 	170 , 	207 ,,,,,,,,,,,
AVQ03,One Hatfield Hospital, 	25 , 	25 , 	15 , 	10 , 	-   , 	-   , 	25 , 	15 , 	15 , 	29 ,,,,,,,,,,,
AXG01,Wiltshire Health & Care (Chippenham), 	355 , 	355 , 	165 , 	190 ,*, 	-   , 	-   , 	355 , 	-   ," 	9,558 ",,,,,,,,,,,
AXG02,Savernake Community Hospital, 	340 , 	340 , 	140 , 	200 , 	25 , 	30 , 	40 , 	340 , 	-   ," 	7,250 ",,,,,,,,,,,
AXG03,Warminster Community Hospital, 	215 , 	210 , 	100 , 	115 , 	25 , 	-   , 	-   , 	215 , 	-   ," 	6,671 ",,,,,,,,,,,
DLY01,Schoen Clinic London (Wigmore Street), 	485 , 	485 , 	200 , 	285 , 	-   , 	-   , 	485 , 	260 , 	220 , 	637 ,,,,,,,,,,,
DM801,Weymouth Street Hospital, 	305 , 	305 , 	110 , 	195 , 	-   , 	-   , 	305 , 	10 , 	295 , 	12 ,,,,,,,,,,,
DX101,The New Foscote Hospital (Foscote Hospital), 	620 , 	620 , 	335 , 	285 , 	-   , 	25 , 	595 , 	15 , 	605 , 	20 ,,,,,,,,,,,
L0D9W,Newmedica - Gloucester (Brighouse Court), 	40 , 	40 , 	15 , 	20 , 	-   , 	40 , 	-   , 	-   , 	40 , 	-   ,,,,,,,,,,,
NAM01,Probus Surgical Centre," 	1,510 "," 	1,510 ", 	805 , 	700 , 	-   , 	-   ," 	1,510 ", 	25 ," 	1,485 ", 	28 ,,,,,,,,,,,
NAX03,Ecch Beccles Hospital, 	195 , 	165 , 	75 , 	90 , 	100 , 	-   , 	65 , 	195 ,*," 	3,229 ",,,,,,,,,,,
NCR01,Isight (Southport)," 	2,030 "," 	2,030 ", 	810 ," 	1,220 ", 	-   , 	-   ," 	2,030 ", 	-   ," 	2,030 ", 	-   ,,,,,,,,,,,
NDAH9,Gravesham Community Hospital, 	240 , 	240 , 	100 , 	140 , 	-   , 	240 , 	-   , 	240 , 	-   ," 	7,112 ",,,,,,,,,,,
NDAJ0,Livingstone Community Hospital, 	235 , 	235 , 	75 , 	160 , 	-   , 	235 , 	-   , 	235 , 	-   ," 	4,965 ",,,,,,,,,,,
NDAJ1,Sheppey Community Hospital, 	260 , 	260 , 	130 , 	130 , 	-   , 	260 , 	-   , 	260 , 	-   ," 	7,022 ",,,,,,,,,,,
NDAJ2,Sittingbourne Memorial Hospital, 	190 , 	190 , 	80 , 	110 , 	-   , 	190 , 	-   , 	190 , 	-   ," 	5,676 ",,,,,,,,,,,
NEQ01,Phoenix Health Solutions Limited," 	1,660 "," 	1,660 ", 	775 , 	885 , 	-   , 	-   ," 	1,660 ", 	50 ," 	1,610 ", 	147 ,,,,,,,,,,,
NEY01,Pioneer Healthcare Ltd - Claremont Hospital, 	105 , 	20 , 	10 , 	10 , 	-   , 	-   , 	20 , 	105 , 	-   ," 	24,497 ",,,,,,,,,,,
NEY14,Oaklands Hospital, 	20 , 	10 ,*,*, 	-   , 	-   , 	10 , 	20 , 	-   ," 	7,910 ",,,,,,,,,,,
NFH01,Somerset Surgical Services, 	400 , 	400 , 	185 , 	215 ,*, 	-   , 	395 ,*, 	395 , 	27 ,,,,,,,,,,,
NHW01,Standard Health Ltd Hq, 	25 , 	25 , 	10 , 	15 , 	-   , 	25 , 	-   , 	-   , 	25 , 	-   ,,,,,,,,,,,
NMM01,Hospital Of St John And St Elizabeth (Grove End Road), 	140 , 	140 , 	65 , 	75 , 	-   , 	-   , 	140 , 	140 , 	-   , 	60 ,,,,,,,,,,,
NN401,Tyneside Surgical Services," 	1,030 "," 	1,030 ", 	445 , 	580 , 	-   , 	-   ," 	1,030 ", 	35 , 	995 , 	46 ,,,,,,,,,,,
NN501,Trafford General Hospital, 	235 , 	235 , 	95 , 	140 , 	-   , 	-   , 	235 , 	25 , 	210 , 	76 ,,,,,,,,,,,
NN801,Spencer Private Hospitals - Margate," 	1,580 "," 	1,580 ", 	625 , 	955 , 	-   , 	95 ," 	1,485 "," 	1,230 ", 	355 ," 	3,831 ",,,,,,,,,,,
NN802,Spencer Private Hospitals - Ashford, 	275 , 	275 , 	115 , 	160 , 	-   , 	70 , 	205 , 	35 , 	240 , 	33 ,,,,,,,,,,,
NNE02,Dorking General Hospital, 	25 , 	25 , 	15 , 	10 , 	-   , 	-   , 	25 , 	-   , 	25 , 	-   ,,,,,,,,,,,
NNH02,Optegra Yorkshire Eye Hospital," 	1,925 "," 	1,925 ", 	815 ," 	1,110 ", 	-   ," 	1,925 ", 	-   , 	-   ," 	1,925 ", 	-   ,,,,,,,,,,,
NNH03,Optegra (Surrey Eye Hospital), 	930 , 	930 , 	355 , 	575 , 	-   , 	930 , 	-   , 	-   , 	930 , 	-   ,,,,,,,,,,,
NNH04,Optegra (Manchester Eye Hospital)," 	6,770 "," 	6,770 "," 	2,635 "," 	4,130 ", 	-   ," 	6,770 ", 	-   , 	-   ," 	6,770 ", 	-   ,,,,,,,,,,,
NNH05,Optegra (Birmingham Eye Hospital)," 	1,120 "," 	1,120 ", 	505 , 	615 , 	-   ," 	1,120 ", 	-   , 	-   ," 	1,120 ", 	-   ,,,,,,,,,,,
NNH06,Optegra (Solent Eye Hospital)," 	1,250 "," 	1,250 ", 	515 , 	735 , 	-   ," 	1,250 ", 	-   , 	-   ," 	1,250 ", 	-   ,,,,,,,,,,,
NNH07,Optegra London Eye Hospital," 	1,480 "," 	1,480 ", 	670 , 	810 , 	-   ," 	1,480 ", 	-   , 	-   ," 	1,480 ", 	-   ,,,,,,,,,,,
NNV01,Your Healthcare (Hollyfield House), 	215 , 	215 , 	85 , 	130 , 	-   , 	185 , 	-   , 	215 , 	-   ," 	4,642 ",,,,,,,,,,,
NNV2J,Teddington Memorial Hospital, 	15 , 	15 ,*, 	10 , 	-   , 	15 , 	-   , 	15 , 	-   , 	279 ,,,,,,,,,,,
NPG01,Spamedica (Manchester)," 	6,260 "," 	6,260 "," 	2,630 "," 	3,630 ", 	-   , 	-   ," 	6,260 ", 	-   ," 	6,260 ", 	-   ,,,,,,,,,,,
NPG02,Spamedica (Wirral)," 	3,290 "," 	3,290 "," 	1,340 "," 	1,950 ", 	-   , 	-   ," 	3,290 ", 	-   ," 	3,290 ", 	-   ,,,,,,,,,,,
NPG06,Spamedica Liverpool," 	1,865 "," 	1,865 ", 	790 ," 	1,075 ", 	-   , 	-   ," 	1,865 ", 	-   ," 	1,865 ", 	-   ,,,,,,,,,,,
NPG07,Spamedica Eye Hospital (Wakefield)," 	4,790 "," 	4,790 "," 	1,950 "," 	2,840 ", 	-   , 	-   ," 	4,790 ", 	-   ," 	4,790 ", 	-   ,,,,,,,,,,,
NPG08,Spamedica (Bolton)," 	4,150 "," 	4,150 "," 	1,775 "," 	2,370 ", 	-   , 	-   ," 	4,150 ", 	-   ," 	4,150 ", 	-   ,,,,,,,,,,,
NPG10,Spamedica (Sheffiled)," 	4,460 "," 	4,460 "," 	1,915 "," 	2,550 ", 	-   , 	-   ," 	4,460 ", 	-   ," 	4,460 ", 	-   ,,,,,,,,,,,
NPG11,Spamedica (Birmingham)," 	7,065 "," 	7,065 "," 	2,915 "," 	4,150 ", 	-   , 	-   ," 	7,065 ", 	-   ," 	7,065 ", 	-   ,,,,,,,,,,,
NPG12,Spamedica Eccleshill Treatment Centre," 	1,800 "," 	1,800 ", 	770 ," 	1,030 ", 	-   , 	-   ," 	1,800 ", 	-   ," 	1,800 ", 	-   ,,,,,,,,,,,
NPG13,Spamedica - Skelmersdale," 	2,375 "," 	2,375 "," 	1,060 "," 	1,315 ", 	-   , 	-   ," 	2,375 ", 	-   ," 	2,375 ", 	-   ,,,,,,,,,,,
NPG14,Spamedica Widnes," 	2,145 "," 	2,145 ", 	890 ," 	1,255 ", 	-   , 	-   ," 	2,145 ", 	-   ," 	2,145 ", 	-   ,,,,,,,,,,,
NPG15,Spamedica Newcastle-Under-Lyme," 	2,420 "," 	2,420 "," 	1,045 "," 	1,375 ", 	-   , 	-   ," 	2,420 ", 	-   ," 	2,420 ", 	-   ,,,,,,,,,,,
NPG16,Spamedica Chelmsford," 	4,110 "," 	4,110 "," 	1,620 "," 	2,495 ", 	-   , 	-   ," 	4,110 ", 	-   ," 	4,110 ", 	-   ,,,,,,,,,,,
NPG17,Spamedica Preston," 	3,180 "," 	3,180 "," 	1,295 "," 	1,885 ", 	-   , 	-   ," 	3,180 ", 	-   ," 	3,180 ", 	-   ,,,,,,,,,,,
NPG18,Spamedica Hull," 	2,865 "," 	2,865 "," 	1,175 "," 	1,685 ", 	-   , 	-   ," 	2,865 ", 	-   ," 	2,865 ", 	-   ,,,,,,,,,,,
NPG19,Spamedica Bedford," 	2,030 "," 	2,030 ", 	850 ," 	1,180 ", 	-   , 	-   ," 	2,030 ", 	-   ," 	2,030 ", 	-   ,,,,,,,,,,,
NPG20,Spamedica Wolverhampton," 	2,995 "," 	2,995 "," 	1,375 "," 	1,620 ", 	-   , 	-   ," 	2,995 ", 	-   ," 	2,995 ", 	-   ,,,,,,,,,,,
NPG21,Spamedica Coventry," 	2,030 "," 	2,030 ", 	860 ," 	1,170 ", 	-   , 	-   ," 	2,030 ", 	-   ," 	2,030 ", 	-   ,,,,,,,,,,,
NPG22,Spamedica Stockton-On-Tees, 	355 , 	355 , 	155 , 	195 , 	-   , 	-   , 	355 , 	-   , 	355 , 	-   ,,,,,,,,,,,
NPG23,Spamedica Derby, 	810 , 	810 , 	350 , 	460 , 	-   , 	-   , 	810 , 	-   , 	810 , 	-   ,,,,,,,,,,,
NQ106,Fryatt Hospital, 	470 , 	470 , 	190 , 	280 , 	15 , 	30 , 	-   , 	470 , 	-   ," 	6,397 ",,,,,,,,,,,
NQ108,Clacton Hospital, 	785 , 	775 , 	340 , 	440 ,*, 	20 , 	-   , 	785 , 	-   ," 	12,354 ",,,,,,,,,,,
NQA20,Braintree Community Hospital, 	125 , 	125 , 	35 , 	95 , 	-   , 	125 , 	-   ,*, 	125 , 	4 ,,,,,,,,,,,
NQH09,Novus Health (College Lane Surgery),*,*, 	-   ,*, 	-   , 	-   ,*, 	-   ,*,*,,,,,,,,,,,
NQH25,Novus Health (Sandal Castle Medical Centre), 	460 , 	460 , 	200 , 	255 , 	-   , 	-   , 	460 , 	-   , 	460 , 	-   ,,,,,,,,,,,
NQM01,Orthopaedics & Spine Specialist Hospital Site, 	345 , 	245 , 	120 , 	120 , 	-   , 	-   , 	245 , 	160 , 	180 , 	-   ,,,,,,,,,,,
NQT5H,Paulton Memorial Hospital, 	210 , 	210 , 	80 , 	125 , 	20 , 	-   , 	-   , 	210 , 	-   ," 	5,801 ",,,,,,,,,,,
NQT5K,St Martins Hospital, 	235 , 	235 , 	100 , 	135 , 	10 , 	-   , 	-   , 	235 , 	-   ," 	6,126 ",,,,,,,,,,,
NR501,Livewell Southwest," 	1,180 "," 	1,050 ", 	455 , 	600 , 	10 , 	-   , 	135 ," 	1,180 ", 	-   ," 	20,904 ",,,,,,,,,,,
NR505,Derriford Hospital Clinic, 	385 , 	385 , 	205 , 	180 , 	-   , 	-   , 	385 ,*, 	385 , 	2 ,,,,,,,,,,,
NR525,Tavistock Hospital, 	305 , 	300 , 	140 , 	160 , 	10 , 	-   , 	65 , 	305 , 	-   ," 	3,413 ",,,,,,,,,,,
NR526,South Hams (Kingsbridge) Hospital, 	380 , 	380 , 	175 , 	205 , 	45 , 	-   , 	325 , 	380 , 	-   ," 	4,136 ",,,,,,,,,,,
NR527,Mount Gould Hospital, 	170 , 	170 , 	95 , 	70 , 	-   , 	-   , 	20 , 	170 , 	-   ," 	8,168 ",,,,,,,,,,,
NT202,"Nuffield Health, Bournemouth Hospital", 	475 , 	475 , 	225 , 	250 , 	-   , 	-   , 	475 , 	150 , 	330 , 	304 ,,,,,,,,,,,
NT204,"Nuffield Health, Brentwood Hospital", 	450 , 	450 , 	145 , 	305 , 	-   , 	-   , 	450 , 	200 , 	250 , 	351 ,,,,,,,,,,,
NT205,"Nuffield Health, Brighton Hospital", 	540 , 	540 , 	240 , 	300 , 	-   , 	-   , 	540 , 	225 , 	315 , 	799 ,,,,,,,,,,,
NT206,"Nuffield Health, Bristol Hospital (Chesterfield)", 	625 , 	625 , 	290 , 	335 , 	-   , 	-   , 	625 , 	225 , 	400 , 	367 ,,,,,,,,,,,
NT209,"Nuffield Health, Cambridge Hospital", 	355 , 	355 , 	165 , 	190 , 	-   , 	-   , 	355 , 	160 , 	195 , 	257 ,,,,,,,,,,,
NT210,"Nuffield Health, The Grosvenor Hospital, Chester", 	370 , 	370 , 	130 , 	240 , 	-   , 	-   , 	370 , 	85 , 	285 , 	247 ,,,,,,,,,,,
NT211,"Nuffield Health, Cheltenham Hospital", 	125 , 	125 , 	80 , 	45 , 	-   , 	-   , 	125 , 	75 , 	50 , 	200 ,,,,,,,,,,,
NT212,"Nuffield Health, Chichester Hospital"," 	1,745 "," 	1,745 ", 	855 , 	890 , 	-   , 	-   ," 	1,745 ", 	305 ," 	1,440 ", 	747 ,,,,,,,,,,,
NT213,"Nuffield Health, Derby Hospital"," 	1,615 "," 	1,615 ", 	595 ," 	1,020 ", 	-   , 	-   ," 	1,615 ", 	705 , 	910 ," 	1,050 ",,,,,,,,,,,
NT214,"Nuffield Health, Wessex Hospital", 	295 , 	295 , 	135 , 	165 , 	-   , 	-   , 	295 , 	175 , 	120 , 	816 ,,,,,,,,,,,
NT215,"Nuffield Health, Exeter Hospital", 	715 , 	715 , 	360 , 	355 , 	-   , 	-   , 	715 , 	255 , 	455 , 	421 ,,,,,,,,,,,
NT216,"Nuffield Health, Guildford Hospital", 	540 , 	540 , 	235 , 	305 , 	-   , 	-   , 	540 , 	245 , 	295 , 	549 ,,,,,,,,,,,
NT218,"Nuffield Health, Haywards Heath Hospital", 	135 , 	135 , 	65 , 	75 , 	-   , 	-   , 	135 , 	65 , 	70 , 	172 ,,,,,,,,,,,
NT219,"Nuffield Health, Hereford Hospital", 	255 , 	255 , 	105 , 	150 , 	-   , 	-   , 	255 , 	100 , 	160 , 	213 ,,,,,,,,,,,
NT222,"Nuffield Health, Ipswich Hospital", 	90 , 	90 , 	35 , 	60 , 	-   , 	-   , 	90 , 	50 , 	40 , 	180 ,,,,,,,,,,,
NT224,"Nuffield Health, Warwickshire Hospital", 	450 , 	450 , 	150 , 	305 , 	-   , 	-   , 	450 , 	115 , 	335 , 	191 ,,,,,,,,,,,
NT225,"Nuffield Health, Leeds Hospital", 	860 , 	860 , 	430 , 	430 , 	-   , 	-   , 	860 , 	365 , 	495 , 	820 ,,,,,,,,,,,
NT226,"Nuffield Health, Leicester Hospital", 	385 , 	385 , 	170 , 	215 , 	-   , 	-   , 	385 , 	150 , 	230 , 	249 ,,,,,,,,,,,
NT229,"Nuffield Health, Newcastle Upon Tyne Hospital", 	630 , 	630 , 	230 , 	400 , 	-   , 	-   , 	630 , 	135 , 	495 , 	167 ,,,,,,,,,,,
NT230,"Nuffield Health, North Staffordshire Hospital", 	600 , 	600 , 	270 , 	330 , 	-   , 	-   , 	600 , 	235 , 	365 , 	437 ,,,,,,,,,,,
NT233,"Nuffield Health, Plymouth Hospital", 	730 , 	730 , 	360 , 	370 , 	-   , 	-   , 	730 , 	210 , 	520 , 	385 ,,,,,,,,,,,
NT235,"Nuffield Health, Shrewsbury Hospital", 	375 , 	375 , 	175 , 	200 , 	-   , 	-   , 	375 , 	90 , 	285 , 	104 ,,,,,,,,,,,
NT237,"Nuffield Health, Tees Hospital"," 	1,265 "," 	1,265 ", 	580 , 	685 , 	-   , 	-   ," 	1,265 ", 	485 , 	775 , 	890 ,,,,,,,,,,,
NT238,"Nuffield Health, Taunton Hospital", 	255 , 	255 , 	90 , 	160 , 	-   , 	-   , 	255 , 	55 , 	200 , 	91 ,,,,,,,,,,,
NT239,"Nuffield Health, Tunbridge Wells Hospital", 	240 , 	240 , 	145 , 	95 , 	-   , 	-   , 	240 , 	25 , 	215 , 	31 ,,,,,,,,,,,
NT241,"Nuffield Health, Woking Hospital", 	320 , 	320 , 	105 , 	215 , 	-   , 	-   , 	320 , 	50 , 	265 , 	97 ,,,,,,,,,,,
NT242,"Nuffield Health, Wolverhampton Hospital", 	775 , 	775 , 	295 , 	480 , 	-   , 	-   , 	775 , 	140 , 	630 , 	266 ,,,,,,,,,,,
NT244,Nuffield Hospital Oxford (The Manor)," 	1,080 "," 	1,080 ", 	505 , 	575 , 	-   , 	-   ," 	1,080 ", 	335 , 	745 , 	665 ,,,,,,,,,,,
NT245,"Nuffield Health, York Hospital"," 	1,715 "," 	1,710 ", 	745 , 	965 , 	-   , 	-   ," 	1,710 ", 	450 ," 	1,265 ", 	695 ,,,,,,,,,,,
NT255,The Vale Hospital," 	1,160 "," 	1,160 ", 	330 , 	830 , 	-   , 	-   ," 	1,160 ", 	335 , 	825 , 	420 ,,,,,,,,,,,
NT301,Spire South Bank Hospital, 	640 , 	640 , 	330 , 	310 , 	-   , 	-   , 	640 , 	180 , 	460 , 	419 ,,,,,,,,,,,
NT302,Spire Bristol Hospital, 	765 , 	765 , 	350 , 	415 , 	-   , 	-   , 	765 , 	325 , 	440 , 	733 ,,,,,,,,,,,
NT304,Spire Southampton Hospital, 	885 , 	885 , 	515 , 	375 , 	-   , 	-   , 	885 , 	520 , 	365 ," 	1,922 ",,,,,,,,,,,
NT305,Spire Portsmouth Hospital, 	360 , 	360 , 	165 , 	195 , 	-   , 	-   , 	360 , 	130 , 	230 , 	421 ,,,,,,,,,,,
NT308,Spire Gatwick Park Hospital, 	505 , 	505 , 	200 , 	305 , 	-   , 	-   , 	505 , 	50 , 	460 , 	113 ,,,,,,,,,,,
NT309,Spire Sussex Hospital, 	815 , 	815 , 	345 , 	465 , 	-   , 	-   , 	815 , 	170 , 	645 , 	338 ,,,,,,,,,,,
NT30A,Spire Nottingham Hospital, 	855 , 	855 , 	375 , 	475 , 	-   ,*, 	850 , 	235 , 	620 , 	420 ,,,,,,,,,,,
NT310,Spire Tunbridge Wells Hospital, 	205 , 	205 , 	85 , 	120 , 	-   ,*, 	205 , 	45 , 	160 , 	75 ,,,,,,,,,,,
NT312,Spire Alexandra Hospital, 	870 , 	870 , 	350 , 	525 , 	-   , 	-   , 	870 , 	260 , 	610 , 	465 ,,,,,,,,,,,
NT313,Spire Wellesley Hospital," 	1,350 "," 	1,350 ", 	565 , 	785 , 	-   , 	-   ," 	1,350 ", 	230 ," 	1,120 ", 	387 ,,,,,,,,,,,
NT314,Spire London East," 	1,480 "," 	1,480 ", 	685 , 	795 , 	-   , 	-   ," 	1,480 ", 	105 ," 	1,370 ", 	212 ,,,,,,,,,,,
NT315,Spire Bushey Hospital, 	490 , 	490 , 	240 , 	255 , 	-   , 	-   , 	490 , 	205 , 	290 , 	402 ,,,,,,,,,,,
NT316,Spire Harpenden Hospital," 	1,040 "," 	1,040 ", 	535 , 	500 , 	-   , 	-   ," 	1,040 ", 	245 , 	795 , 	473 ,,,,,,,,,,,
NT317,Spire Cambridge Lea Hospital, 	850 , 	850 , 	435 , 	415 , 	-   , 	-   , 	850 , 	340 , 	510 , 	772 ,,,,,,,,,,,
NT319,Spire Hartswood Hospital," 	1,305 "," 	1,305 ", 	600 , 	705 , 	-   , 	-   ," 	1,305 ", 	215 ," 	1,090 ", 	313 ,,,,,,,,,,,
NT320,Spire Parkway Hospital, 	860 , 	860 , 	405 , 	455 , 	-   , 	-   , 	860 , 	365 , 	500 , 	802 ,,,,,,,,,,,
NT321,Spire Little Aston Hospital, 	780 , 	780 , 	305 , 	475 , 	-   , 	-   , 	780 , 	310 , 	470 , 	571 ,,,,,,,,,,,
NT322,Spire Leicester Hospital, 	750 , 	750 , 	385 , 	365 , 	-   , 	-   , 	750 , 	230 , 	520 , 	598 ,,,,,,,,,,,
NT324,Spire Cheshire Hospital," 	1,690 "," 	1,690 ", 	890 , 	800 , 	-   , 	-   ," 	1,690 ", 	300 ," 	1,390 ", 	696 ,,,,,,,,,,,
NT325,Spire Murrayfield Hospital," 	1,340 "," 	1,340 ", 	650 , 	695 , 	-   , 	-   ," 	1,340 ", 	355 , 	985 , 	590 ,,,,,,,,,,,
NT327,Spire Manchester Hospital," 	1,005 "," 	1,005 ", 	450 , 	555 , 	-   , 	-   ," 	1,005 ", 	320 , 	685 ," 	1,022 ",,,,,,,,,,,
NT332,Spire Leeds Hospital," 	1,245 "," 	1,245 ", 	605 , 	635 , 	-   , 	-   ," 	1,245 ", 	265 , 	980 , 	513 ,,,,,,,,,,,
NT333,Spire Washington Hospital," 	2,330 "," 	2,330 "," 	1,110 "," 	1,220 ", 	-   , 	-   ," 	2,330 ", 	550 ," 	1,775 ", 	963 ,,,,,,,,,,,
NT337,Spire Liverpool Hospital," 	1,975 "," 	1,975 ", 	840 ," 	1,135 ", 	-   ,*," 	1,975 ", 	100 ," 	1,875 ", 	169 ,,,,,,,,,,,
NT339,Spire Regency Hospital, 	870 , 	870 , 	410 , 	465 , 	-   , 	-   , 	870 , 	250 , 	620 , 	437 ,,,,,,,,,,,
NT343,Spire Thames Valley Hospital, 	495 , 	495 , 	220 , 	280 , 	-   , 	-   , 	495 , 	115 , 	385 , 	208 ,,,,,,,,,,,
NT344,Spire Dunedin Hospital, 	670 , 	670 , 	320 , 	350 , 	-   , 	-   , 	670 , 	135 , 	540 , 	242 ,,,,,,,,,,,
NT345,Spire Clare Park Hospital," 	1,000 "," 	1,000 ", 	445 , 	555 , 	-   , 	-   ," 	1,000 ", 	160 , 	840 , 	298 ,,,,,,,,,,,
NT347,Spire Fylde Coast Hospital," 	1,485 "," 	1,485 ", 	585 , 	900 , 	-   , 	-   ," 	1,485 ", 	435 ," 	1,050 ", 	806 ,,,,,,,,,,,
NT348,Spire Elland Hospital," 	3,525 "," 	3,525 "," 	1,495 "," 	2,030 ", 	-   , 	-   ," 	3,525 ", 	465 ," 	3,060 ", 	767 ,,,,,,,,,,,
NT350,Spire Methley Park Hospital," 	1,005 "," 	1,005 ", 	515 , 	490 , 	-   , 	-   ," 	1,005 ", 	320 , 	680 , 	466 ,,,,,,,,,,,
NT351,Spire Hull And East Riding Hospital," 	3,375 "," 	3,375 "," 	1,530 "," 	1,845 ", 	-   , 	-   ," 	3,375 ", 	775 ," 	2,605 "," 	1,624 ",,,,,,,,,,,
NT364,Spire Montefiore Hospital, 	900 , 	900 , 	370 , 	525 , 	-   , 	-   , 	900 , 	265 , 	635 , 	526 ,,,,,,,,,,,
NT3X3,Spire St Anthony's Hospital, 	510 , 	510 , 	295 , 	215 , 	-   , 	-   , 	510 , 	215 , 	295 , 	583 ,,,,,,,,,,,
NT401,BMI - The Alexandra Hospital," 	4,110 "," 	4,110 "," 	2,040 "," 	2,070 ", 	-   , 	-   ," 	4,110 "," 	1,155 "," 	2,955 "," 	2,326 ",,,,,,,,,,,
NT402,BMI - Bath Clinic," 	2,015 "," 	2,015 "," 	1,105 ", 	905 , 	-   , 	-   ," 	2,015 ", 	575 ," 	1,440 ", 	830 ,,,,,,,,,,,
NT403,BMI - The Beardwood Hospital," 	4,630 "," 	4,630 "," 	1,975 "," 	2,655 ", 	-   , 	-   ," 	4,630 ", 	575 ," 	4,055 ", 	812 ,,,,,,,,,,,
NT404,BMI - The Beaumont Hospital," 	2,405 "," 	2,405 "," 	1,030 "," 	1,375 ", 	-   , 	-   ," 	2,405 ", 	370 ," 	2,040 ", 	603 ,,,,,,,,,,,
NT405,BMI - Bishops Wood," 	1,270 "," 	1,270 ", 	600 , 	670 , 	-   , 	-   ," 	1,270 ", 	350 , 	925 , 	812 ,,,,,,,,,,,
NT406,BMI - The Blackheath Hospital," 	2,515 "," 	2,515 "," 	1,150 "," 	1,370 ", 	-   , 	-   ," 	2,515 ", 	660 ," 	1,860 "," 	1,184 ",,,,,,,,,,,
NT408,BMI - The Chaucer Hospital," 	2,150 "," 	2,150 ", 	680 ," 	1,470 ", 	-   , 	-   ," 	2,150 ", 	555 ," 	1,595 ", 	774 ,,,,,,,,,,,
NT409,BMI - Chelsfield Park Hospital," 	1,570 "," 	1,570 ", 	580 , 	985 , 	-   , 	-   ," 	1,570 ", 	230 ," 	1,340 ", 	461 ,,,,,,,,,,,
NT410,BMI - The Chiltern Hospital," 	2,495 "," 	2,495 "," 	1,220 "," 	1,275 ", 	-   , 	-   ," 	2,495 ", 	230 ," 	2,265 ", 	430 ,,,,,,,,,,,
NT411,BMI - The Clementine Churchill Hospital," 	4,420 "," 	4,420 "," 	1,935 "," 	2,480 ", 	-   , 	-   ," 	4,420 ", 	830 ," 	3,590 "," 	2,100 ",,,,,,,,,,,
NT412,BMI - The Droitwich Spa Hospital," 	3,235 "," 	3,235 "," 	1,535 "," 	1,695 ", 	-   , 	-   ," 	3,235 ", 	535 ," 	2,700 "," 	1,100 ",,,,,,,,,,,
NT416,BMI - Hendon Hospital, 	795 , 	795 , 	370 , 	430 , 	-   , 	-   , 	795 ,*, 	795 , 	9 ,,,,,,,,,,,
NT417,BMI - Goring Hall Hospital," 	1,900 "," 	1,900 ", 	805 ," 	1,085 ", 	-   , 	-   ," 	1,900 ", 	365 ," 	1,535 ", 	746 ,,,,,,,,,,,
NT418,BMI - The Hampshire Clinic," 	3,535 "," 	3,535 "," 	1,830 "," 	1,705 ", 	-   , 	-   ," 	3,535 ", 	790 ," 	2,745 "," 	2,250 ",,,,,,,,,,,
NT419,BMI - The Harbour Hospital," 	1,735 "," 	1,735 ", 	700 ," 	1,035 ", 	-   , 	-   ," 	1,735 ", 	315 ," 	1,425 ", 	486 ,,,,,,,,,,,
NT420,BMI - The Highfield Hospital," 	2,630 "," 	2,630 "," 	1,205 "," 	1,425 ", 	-   , 	-   ," 	2,630 ", 	595 ," 	2,035 "," 	1,241 ",,,,,,,,,,,
NT421,BMI - The Kings Oak Hospital," 	1,400 "," 	1,400 ", 	530 , 	865 , 	-   , 	-   ," 	1,400 ", 	120 ," 	1,280 ", 	202 ,,,,,,,,,,,
NT422,BMI - The London Independent Hospital," 	4,420 "," 	4,420 "," 	2,175 "," 	2,245 ", 	-   , 	-   ," 	4,420 ", 	745 ," 	3,675 "," 	1,845 ",,,,,,,,,,,
NT423,BMI - The Manor Hospital, 	840 , 	840 , 	445 , 	395 , 	-   , 	-   , 	840 , 	215 , 	625 , 	374 ,,,,,,,,,,,
NT424,BMI - The Meriden Hospital," 	3,960 "," 	3,960 "," 	2,380 "," 	1,580 ", 	-   , 	-   ," 	3,960 ", 	925 ," 	3,035 "," 	1,655 ",,,,,,,,,,,
NT427,BMI - The Park Hospital," 	3,590 "," 	3,590 "," 	1,540 "," 	2,055 ", 	-   , 	-   ," 	3,590 "," 	1,785 "," 	1,810 "," 	4,104 ",,,,,,,,,,,
NT428,BMI - The Princess Margaret Hospital," 	6,345 "," 	6,345 "," 	2,190 "," 	4,155 ", 	-   , 	-   ," 	6,345 ", 	305 ," 	6,040 ", 	399 ,,,,,,,,,,,
NT429,BMI - The Priory Hospital," 	1,675 "," 	1,675 ", 	715 , 	960 , 	-   , 	-   ," 	1,675 "," 	1,250 ", 	425 ," 	4,017 ",,,,,,,,,,,
NT430,BMI - The Ridgeway Hospital," 	1,845 "," 	1,845 ", 	895 , 	950 , 	-   , 	-   ," 	1,845 ", 	390 ," 	1,455 ", 	671 ,,,,,,,,,,,
NT431,BMI - The Runnymede Hospital," 	2,935 "," 	2,935 "," 	1,465 "," 	1,470 ", 	-   , 	-   ," 	2,935 "," 	2,175 ", 	760 ," 	5,413 ",,,,,,,,,,,
NT432,BMI - The Sandringham Hospital, 	980 , 	980 , 	435 , 	540 , 	-   , 	-   , 	980 , 	645 , 	335 , 	818 ,,,,,,,,,,,
NT433,BMI - Sarum Road Hospital, 	975 , 	975 , 	375 , 	600 , 	-   , 	-   , 	975 , 	170 , 	805 , 	248 ,,,,,,,,,,,
NT434,BMI - The Saxon Clinic," 	1,275 "," 	1,275 ", 	560 , 	715 , 	-   , 	-   ," 	1,275 ", 	175 ," 	1,100 ", 	261 ,,,,,,,,,,,
NT435,BMI - The Shelburne Hospital, 	775 , 	775 , 	250 , 	525 , 	-   , 	-   , 	775 , 	135 , 	640 , 	269 ,,,,,,,,,,,
NT436,BMI - Shirley Oaks Hospital," 	2,620 "," 	2,620 ", 	980 ," 	1,640 ", 	-   , 	-   ," 	2,620 ", 	210 ," 	2,415 ", 	729 ,,,,,,,,,,,
NT437,BMI - The Sloane Hospital," 	1,155 "," 	1,155 ", 	400 , 	755 , 	-   , 	-   ," 	1,155 ", 	195 , 	955 , 	391 ,,,,,,,,,,,
NT440,BMI - Thornbury Hospital," 	2,350 "," 	2,350 "," 	1,010 "," 	1,340 ", 	-   , 	-   ," 	2,350 ", 	525 ," 	1,825 ", 	738 ,,,,,,,,,,,
NT441,BMI - Three Shires Hospital," 	3,565 "," 	3,565 "," 	1,560 "," 	2,005 ", 	-   , 	-   ," 	3,565 ", 	865 ," 	2,700 "," 	1,608 ",,,,,,,,,,,
NT443,BMI - The Winterbourne Hospital," 	1,170 "," 	1,170 ", 	525 , 	645 , 	-   , 	-   ," 	1,170 ", 	365 , 	805 , 	453 ,,,,,,,,,,,
NT445,BMI The Edgbaston Hospital," 	1,055 "," 	1,055 ", 	545 , 	510 , 	-   , 	-   ," 	1,055 ", 	25 ," 	1,030 ", 	35 ,,,,,,,,,,,
NT446,BMI St Edmunds Hospital," 	1,240 "," 	1,240 ", 	480 , 	760 , 	-   , 	-   ," 	1,240 ", 	350 , 	890 , 	538 ,,,,,,,,,,,
NT447,BMI The Duchy Hospital, 	805 , 	805 , 	400 , 	405 , 	-   , 	-   , 	805 , 	195 , 	610 , 	311 ,,,,,,,,,,,
NT448,BMI The Huddersfield Hospital," 	1,890 "," 	1,890 "," 	1,005 ", 	885 , 	-   , 	-   ," 	1,890 ", 	360 ," 	1,530 ", 	438 ,,,,,,,,,,,
NT449,BMI The Lancaster Hospital, 	710 , 	710 , 	320 , 	390 , 	-   , 	-   , 	710 , 	220 , 	495 , 	409 ,,,,,,,,,,,
NT450,BMI The Lincoln Hospital," 	1,265 "," 	1,265 ", 	580 , 	690 , 	-   , 	-   ," 	1,265 ", 	355 , 	910 , 	697 ,,,,,,,,,,,
NT451,BMI The Cavell Hospital," 	1,965 "," 	1,965 ", 	700 ," 	1,265 ", 	-   , 	-   ," 	1,965 ", 	490 ," 	1,475 "," 	1,590 ",,,,,,,,,,,
NT455,BMI Mount Alvernia Hospital, 	920 , 	920 , 	280 , 	640 , 	-   , 	-   , 	920 , 	110 , 	810 , 	369 ,,,,,,,,,,,
NT457,BMI Woodlands Hospital," 	3,670 "," 	3,670 "," 	1,625 "," 	2,045 ", 	-   , 	-   ," 	3,670 ", 	780 ," 	2,890 "," 	1,432 ",,,,,,,,,,,
NT490,BMI Southend Private Hospital, 	930 , 	930 , 	410 , 	505 , 	-   , 	-   , 	930 ,*, 	925 , 	-   ,,,,,,,,,,,
NT497,BMI Gisburne Park Hospital, 	945 , 	945 , 	535 , 	415 , 	-   , 	-   , 	945 ,*, 	940 , 	57 ,,,,,,,,,,,
NTE02,St Hugh's Hospital," 	2,875 "," 	2,875 "," 	1,360 "," 	1,515 ",*, 	-   ," 	2,870 ", 	625 ," 	2,250 "," 	1,014 ",,,,,,,,,,,
NTV0O,Woking Community Hospital, 	220 , 	215 , 	85 , 	130 ,*, 	-   , 	-   , 	220 , 	-   ," 	3,059 ",,,,,,,,,,,
NTV0S,Walton Community Hospital, 	490 , 	490 , 	185 , 	300 , 	15 , 	-   , 	-   , 	490 , 	-   ," 	6,085 ",,,,,,,,,,,
NTX01,One Health Group Ltd, 	40 , 	40 , 	20 , 	20 , 	-   , 	-   , 	40 ,*, 	40 , 	1 ,,,,,,,,,,,
NTX06,One Health Group Clinic - Osset, 	170 , 	170 , 	90 , 	85 , 	-   , 	-   , 	170 , 	-   , 	170 , 	-   ,,,,,,,,,,,
NTX09,One Health Group Clinic - Gainsborough, 	35 , 	35 , 	15 , 	20 , 	-   , 	-   , 	35 , 	-   , 	35 , 	-   ,,,,,,,,,,,
NTX0B,One Health Group - Kinvara Hospital, 	25 , 	25 , 	15 , 	10 , 	-   , 	-   , 	25 , 	-   , 	25 , 	-   ,,,,,,,,,,,
NTX0I,One Health Group - Trent Cliffs - Scunthorpe, 	90 , 	90 , 	50 , 	40 , 	-   , 	-   , 	90 , 	-   , 	90 , 	-   ,,,,,,,,,,,
NTX11,One Health Group Clinic - Thornbury," 	1,050 "," 	1,050 ", 	470 , 	580 , 	-   , 	-   ," 	1,050 ",*," 	1,050 ", 	3 ,,,,,,,,,,,
NTX12,One Health Group Clinic - Claremont, 	70 , 	70 , 	15 , 	55 , 	-   , 	-   , 	70 , 	-   , 	70 , 	-   ,,,,,,,,,,,
NTX19,Huddersfield Hospital - The One Health Group, 	60 , 	60 , 	30 , 	35 , 	-   , 	-   , 	60 , 	-   , 	60 , 	-   ,,,,,,,,,,,
NTX24,One Health Group - Doncaster Clinic, 	130 , 	130 , 	65 , 	65 , 	-   , 	-   , 	130 , 	-   , 	130 , 	-   ,,,,,,,,,,,
NTX51,One Health Group - Barlborough Treatment Centre, 	255 , 	255 , 	125 , 	130 , 	-   , 	-   , 	255 , 	-   , 	255 , 	-   ,,,,,,,,,,,
NV1J5,St Peter's Hospital," 	1,995 "," 	1,995 ", 	855 ," 	1,140 ",*, 	375 ," 	1,620 ", 	20 ," 	1,975 ", 	120 ,,,,,,,,,,,
NV302,Circle Bath Hospital," 	1,870 "," 	1,870 ", 	850 ," 	1,025 ", 	-   , 	20 ," 	1,850 ", 	495 ," 	1,375 "," 	1,010 ",,,,,,,,,,,
NV323,Circle Reading Hospital," 	2,685 "," 	2,685 "," 	1,090 "," 	1,595 ", 	-   , 	-   ," 	2,685 ", 	465 ," 	2,220 ", 	824 ,,,,,,,,,,,
NV7R1,Bupa Cromwell Hospital, 	10 , 	10 ,*,*, 	-   , 	10 , 	-   , 	10 , 	-   , 	117 ,,,,,,,,,,,
NVC01,Ashtead Hospital, 	765 , 	765 , 	305 , 	455 , 	-   , 	-   , 	765 , 	70 , 	695 , 	147 ,,,,,,,,,,,
NVC02,The Berkshire Independent Hospital," 	1,000 "," 	1,000 ", 	485 , 	510 , 	-   , 	-   ," 	1,000 ", 	155 , 	850 , 	295 ,,,,,,,,,,,
NVC04,Duchy Hospital," 	1,915 "," 	1,915 ", 	760 ," 	1,155 ", 	-   , 	-   ," 	1,915 ", 	465 ," 	1,450 ", 	870 ,,,,,,,,,,,
NVC05,Euxton Hall Hospital," 	2,555 "," 	2,555 "," 	1,040 "," 	1,515 ", 	-   , 	-   ," 	2,555 ", 	465 ," 	2,090 ", 	784 ,,,,,,,,,,,
NVC06,Fitzwilliam Hospital," 	2,960 "," 	2,960 "," 	1,245 "," 	1,715 ", 	-   , 	-   ," 	2,960 ", 	645 ," 	2,315 "," 	1,239 ",,,,,,,,,,,
NVC07,Fulwood Hall Hospital," 	3,975 "," 	3,975 "," 	1,865 "," 	2,110 ", 	-   , 	-   ," 	3,975 ", 	720 ," 	3,255 "," 	1,085 ",,,,,,,,,,,
NVC08,Mount Stuart Hospital," 	2,820 "," 	2,820 "," 	1,325 "," 	1,495 ", 	-   , 	-   ," 	2,820 ", 	545 ," 	2,275 "," 	1,093 ",,,,,,,,,,,
NVC09,New Hall Hospital," 	2,775 "," 	2,775 "," 	1,260 "," 	1,515 ", 	-   , 	-   ," 	2,775 ", 	915 ," 	1,860 "," 	2,261 ",,,,,,,,,,,
NVC0I,Beacon Park Hospital, 	50 , 	50 , 	20 , 	35 , 	-   , 	-   , 	50 , 	-   , 	50 , 	-   ,,,,,,,,,,,
NVC0M,West Valley Hospital, 	890 , 	890 , 	410 , 	480 , 	-   , 	-   , 	890 ,*, 	885 , 	14 ,,,,,,,,,,,
NVC0R,Tees Valley Hospital," 	3,315 "," 	3,315 "," 	1,515 "," 	1,795 ", 	-   , 	-   ," 	3,315 ", 	345 ," 	2,970 ", 	434 ,,,,,,,,,,,
NVC0Y,Exeter Medical, 	190 , 	190 , 	140 , 	50 , 	-   , 	-   , 	190 , 	-   , 	190 , 	-   ,,,,,,,,,,,
NVC11,North Downs Hospital, 	585 , 	585 , 	285 , 	300 , 	-   , 	-   , 	585 , 	115 , 	470 , 	269 ,,,,,,,,,,,
NVC12,Oaklands Hospital," 	2,250 "," 	2,250 "," 	1,115 "," 	1,130 ", 	-   , 	-   ," 	2,250 ", 	310 ," 	1,940 ", 	573 ,,,,,,,,,,,
NVC13,Oaks Hospital, 	285 , 	285 , 	165 , 	120 , 	-   , 	-   , 	285 , 	75 , 	210 , 	174 ,,,,,,,,,,,
NVC14,Park Hill Hospital, 	615 , 	615 , 	230 , 	385 , 	-   , 	-   , 	615 , 	265 , 	355 , 	518 ,,,,,,,,,,,
NVC15,Pinehill Hospital," 	3,140 "," 	3,140 "," 	1,495 "," 	1,645 ", 	-   , 	-   ," 	3,140 ", 	360 ," 	2,780 ", 	555 ,,,,,,,,,,,
NVC16,Renacres Hospital," 	2,155 "," 	2,155 ", 	900 ," 	1,260 ", 	-   , 	-   ," 	2,155 ", 	295 ," 	1,860 ", 	697 ,,,,,,,,,,,
NVC17,Rowley Hall Hospital," 	2,045 "," 	2,045 ", 	770 ," 	1,275 ", 	-   , 	-   ," 	2,045 ", 	335 ," 	1,710 ", 	680 ,,,,,,,,,,,
NVC18,Springfield Hospital," 	4,825 "," 	4,825 "," 	2,375 "," 	2,450 ", 	-   , 	-   ," 	4,825 ", 	500 ," 	4,330 ", 	821 ,,,,,,,,,,,
NVC19,Rivers Hospital," 	3,630 "," 	3,630 "," 	1,515 "," 	2,110 ", 	-   , 	-   ," 	3,630 ", 	445 ," 	3,185 ", 	784 ,,,,,,,,,,,
NVC1H,Stourside Hospital, 	475 , 	475 , 	230 , 	245 , 	-   , 	-   , 	475 , 	25 , 	450 , 	45 ,,,,,,,,,,,
NVC20,The Yorkshire Clinic," 	6,165 "," 	6,165 "," 	2,845 "," 	3,320 ", 	-   , 	-   ," 	6,165 ", 	765 ," 	5,400 "," 	1,332 ",,,,,,,,,,,
NVC21,West Midlands Hospital," 	2,055 "," 	2,055 ", 	830 ," 	1,225 ", 	-   , 	-   ," 	2,055 ", 	440 ," 	1,615 ", 	774 ,,,,,,,,,,,
NVC22,Winfield Hospital," 	1,290 "," 	1,290 ", 	635 , 	655 , 	-   , 	-   ," 	1,290 ", 	375 , 	915 , 	860 ,,,,,,,,,,,
NVC23,Woodland Hospital," 	4,140 "," 	4,140 "," 	1,825 "," 	2,315 ", 	-   , 	-   ," 	4,140 ", 	780 ," 	3,360 "," 	1,108 ",,,,,,,,,,,
NVC25,Horton NHS Treatment Centre," 	1,110 "," 	1,110 ", 	485 , 	625 , 	-   , 	-   ," 	1,110 ", 	515 , 	595 , 	854 ,,,,,,,,,,,
NVC27,Boston West Hospital," 	1,210 "," 	1,210 ", 	540 , 	670 , 	-   , 	-   ," 	1,210 ", 	-   ," 	1,210 ", 	-   ,,,,,,,,,,,
NVC28,Clifton Park Hospital, 	450 , 	450 , 	220 , 	230 , 	-   , 	-   , 	450 , 	170 , 	280 , 	442 ,,,,,,,,,,,
NVC29,Cobalt Hospital," 	2,170 "," 	2,170 "," 	1,030 "," 	1,140 ", 	-   , 	-   ," 	2,170 ", 	-   ," 	2,170 ", 	-   ,,,,,,,,,,,
NVC31,Blakelands Hospital," 	1,500 "," 	1,500 ", 	730 , 	770 , 	-   , 	-   ," 	1,500 ", 	10 ," 	1,490 ", 	17 ,,,,,,,,,,,
NVC35,Tees Valley Treatment Centre, 	45 , 	45 , 	30 , 	15 , 	-   , 	-   , 	45 ,*, 	40 , 	1 ,,,,,,,,,,,
NVC40,Woodthorpe Hospital," 	3,315 "," 	3,315 "," 	1,525 "," 	1,790 ", 	-   , 	-   ," 	3,315 ", 	505 ," 	2,805 "," 	1,397 ",,,,,,,,,,,
NVC44,The Westbourne Centre," 	1,660 "," 	1,660 ", 	755 , 	905 , 	-   , 	-   ," 	1,660 ",*," 	1,655 ", 	254 ,,,,,,,,,,,
NVG01,Fairfield Hospital, 	855 , 	855 , 	435 , 	420 , 	-   , 	-   , 	855 , 	225 , 	630 , 	451 ,,,,,,,,,,,
NVM01,Cobham Day Surgery Hospital," 	2,150 "," 	2,150 ", 	875 ," 	1,275 ", 	-   , 	125 ," 	2,025 ", 	-   ," 	2,150 ", 	-   ,,,,,,,,,,,
NVM02,Epsom Day Surgery Limited," 	1,450 "," 	1,450 ", 	755 , 	700 , 	-   , 	80 ," 	1,370 ", 	-   ," 	1,450 ", 	-   ,,,,,,,,,,,
NW601,The Princess Grace Hospital," 	1,230 "," 	1,230 ", 	665 , 	560 ,*, 	-   ," 	1,220 "," 	1,230 ", 	-   ," 	5,979 ",,,,,,,,,,,
NW602,The Wellington Hospital," 	2,310 "," 	2,310 ", 	895 ," 	1,420 ", 	15 , 	-   ," 	2,295 "," 	2,310 ",*," 	2,668 ",,,,,,,,,,,
NW603,Lister Hospital, 	660 , 	660 , 	135 , 	525 ,*, 	-   , 	655 , 	660 , 	-   , 	651 ,,,,,,,,,,,
NW604,The Portland Hospital For Women & Children, 	860 , 	860 , 	375 , 	485 ,*, 	-   , 	640 , 	860 ,*, 	865 ,,,,,,,,,,,
NW605,London Bridge Hospital," 	2,460 "," 	2,460 "," 	1,170 "," 	1,285 ",*, 	-   ," 	2,460 "," 	2,460 ", 	-   ," 	8,561 ",,,,,,,,,,,
NW608,The Harley Street Clinic (Weymouth St), 	320 , 	320 , 	185 , 	135 ,*, 	-   , 	315 , 	320 , 	-   , 	781 ,,,,,,,,,,,
NW612,Hca - 52 Alderley Road, 	145 , 	145 , 	50 , 	95 , 	-   , 	-   , 	145 , 	145 , 	-   , 	2 ,,,,,,,,,,,
NW616,The Christie Clinic, 	485 , 	485 , 	260 , 	225 , 	105 , 	-   , 	375 , 	485 , 	-   ," 	1,567 ",,,,,,,,,,,
NWF01,Benenden Hospital, 	320 , 	320 , 	155 , 	170 , 	-   , 	-   , 	320 , 	100 , 	220 , 	194 ,,,,,,,,,,,
NWV01,Gp Care Uk, 	55 , 	55 , 	55 , 	-   , 	-   , 	-   , 	-   , 	55 , 	-   , 	-   ,,,,,,,,,,,
NWX11,Bics-Community, 	160 , 	160 , 	65 , 	95 , 	-   , 	-   , 	160 , 	70 , 	85 , 	129 ,,,,,,,,,,,
NX501,Anglia Community Eye Service Ltd," 	3,585 "," 	3,585 ", 	-   , 	-   , 	-   , 	-   , 	-   ," 	3,585 ", 	-   , 	-   ,,,,,,,,,,,
NX503,Anglia Community Eye Service - New Queen Street Surgery,*,*, 	-   , 	-   , 	-   , 	-   , 	-   ,*, 	-   ,*,,,,,,,,,,,
NX504,Anglia Community Eye Services Fakenham, 	15 , 	15 , 	-   , 	-   , 	-   , 	-   , 	-   , 	15 , 	-   , 	-   ,,,,,,,,,,,
NX507,Anglia Community Eye Service - Thetford Healthy Living Centre, 	20 , 	20 , 	-   , 	-   , 	-   , 	-   , 	-   , 	20 , 	-   , 	-   ,,,,,,,,,,,
NXM01,The Horder Centre - St Johns Road," 	1,450 "," 	1,450 ", 	630 , 	820 , 	-   , 	-   ," 	1,450 ", 	740 , 	710 ," 	2,008 ",,,,,,,,,,,
NXM04,The Mcindoe Centre," 	1,900 "," 	1,900 ", 	865 ," 	1,030 ", 	-   , 	-   ," 	1,900 ", 	60 ," 	1,840 ", 	56 ,,,,,,,,,,,
NXP02,Old Town Surgery, 	30 , 	30 , 	10 , 	20 , 	-   , 	-   , 	30 , 	30 , 	-   , 	-   ,,,,,,,,,,,
NXP04,Hathaway Medical Centre, 	435 , 	435 , 	300 , 	135 , 	-   , 	-   , 	435 , 	435 , 	-   , 	8 ,,,,,,,,,,,
NXP09,Syston Health Centre, 	430 , 	430 , 	360 , 	70 , 	-   , 	-   , 	430 , 	430 , 	-   , 	6 ,,,,,,,,,,,
NXP17,White Horse Health Centre - Ihg, 	435 , 	435 , 	270 , 	165 , 	-   , 	-   , 	435 , 	435 , 	-   , 	9 ,,,,,,,,,,,
NXP20,Lawn Medical Centre, 	50 , 	50 , 	10 , 	35 , 	-   , 	-   , 	50 , 	50 , 	-   , 	-   ,,,,,,,,,,,
NXP21,Kingskerswell Health Centre, 	165 , 	165 , 	165 , 	-   , 	-   , 	-   , 	165 , 	165 , 	-   , 	-   ,,,,,,,,,,,
NXP37,Aspen Centre, 	40 , 	40 , 	15 , 	25 , 	-   , 	-   , 	40 , 	40 , 	-   , 	-   ,,,,,,,,,,,
NXP43,Millstream House, 	170 , 	170 , 	95 , 	75 , 	-   , 	-   , 	170 , 	170 , 	-   , 	14 ,,,,,,,,,,,
NY60C,Pain Management Solutions - Croft Shifa Health Centre, 	635 , 	635 , 	235 , 	400 , 	-   , 	-   , 	635 , 	-   , 	635 , 	-   ,,,,,,,,,,,
NY60M,Pain Management Solutions - Scunthorpe General Hospital, 	185 , 	185 , 	60 , 	125 , 	-   , 	-   , 	185 , 	-   , 	185 , 	-   ,,,,,,,,,,,
NY60T,Inhealth Pain Management Solutions - Longfields Court,*,*,*, 	-   , 	-   , 	-   ,*, 	-   ,*,*,,,,,,,,,,,
NY61N,"Inhealth Pain Management Solutions - Mobile Unit, Union Street Car Park", 	25 , 	25 ,*, 	20 , 	-   , 	-   , 	25 , 	-   , 	25 , 	-   ,,,,,,,,,,,
NY62M,Inhealth Pain Management Solutions - Holme Valley Memorial Hospital, 	90 , 	90 , 	35 , 	55 , 	-   , 	-   , 	90 , 	-   , 	90 , 	-   ,,,,,,,,,,,
NY631,Pain Management Solutions (Horder Healthcare), 	130 , 	130 , 	35 , 	100 , 	-   , 	-   , 	130 , 	-   , 	130 , 	-   ,,,,,,,,,,,
NY66M,Inhealth Pain Management Solutions - St Hughes Hospital, 	190 , 	190 , 	45 , 	145 , 	-   , 	-   , 	190 , 	-   , 	190 , 	-   ,,,,,,,,,,,
NY67L,Inhealth Pain Management Solutions - Royal Toby, 	20 , 	20 ,*, 	15 , 	-   , 	-   , 	20 , 	-   , 	20 , 	-   ,,,,,,,,,,,
NY69L,Inhealth Pain Management Solutions - Salop Leisure, 	50 , 	50 , 	20 , 	30 , 	-   , 	-   , 	50 , 	-   , 	50 , 	-   ,,,,,,,,,,,
NY6D2,Oasis Health Care, 	65 , 	65 , 	25 , 	40 , 	-   , 	-   , 	65 , 	-   , 	65 , 	-   ,,,,,,,,,,,
NY6E8,Pain Management Solutions - Irish World Heritage Centre, 	25 , 	25 , 	10 , 	15 , 	-   , 	-   , 	25 , 	-   , 	25 , 	-   ,,,,,,,,,,,
NY6G8,Pain Management Solutions - Crowborough, 	85 , 	85 , 	40 , 	50 , 	-   , 	-   , 	85 , 	-   , 	85 , 	-   ,,,,,,,,,,,
NY6H9,Pain Management Solutions - Euston House, 	255 , 	255 , 	85 , 	170 , 	-   , 	-   , 	255 , 	-   , 	255 , 	-   ,,,,,,,,,,,
NYG0B,Sussex Community Dermatology Service (East Surrey Hospital), 	30 , 	30 , 	20 , 	10 , 	-   , 	-   , 	30 , 	-   , 	30 , 	-   ,,,,,,,,,,,
NYG0D,West Kent Dermatology - Thornhills Medical Practice,*,*,*,*, 	-   , 	-   ,*, 	-   ,*,*,,,,,,,,,,,
NYG0E,West Kent Dermatology - Snodland Medical Practice,*,*,*,*, 	-   , 	-   ,*, 	-   ,*,*,,,,,,,,,,,
NYG0F,West Kent Dermatology - Lonsdale Medical Centre,*,*,*, 	-   , 	-   , 	-   ,*, 	-   ,*,*,,,,,,,,,,,
NYG26,Sussex Community Dermatology Servce (Worthing Skin Clinic),*,*, 	-   ,*, 	-   , 	-   ,*, 	-   ,*,*,,,,,,,,,,,
NYG31,West Kent Dermatology - Sevenoaks Hospital, 	290 , 	290 , 	170 , 	120 , 	-   , 	-   , 	290 , 	-   , 	290 , 	-   ,,,,,,,,,,,
NYG32,West Kent Dermatology - Borough Green Medical Practice," 	1,145 "," 	1,145 ", 	635 , 	510 , 	-   , 	-   ," 	1,145 ", 	-   ," 	1,145 ", 	-   ,,,,,,,,,,,
NYG39,West Kent Dermatology - Edenbridge & District War Memorial Hospital, 	180 , 	180 , 	100 , 	75 , 	-   , 	-   , 	180 , 	-   , 	180 , 	-   ,,,,,,,,,,,
NYG42,West Kent Dermatology - Amherst Medical Practice, 	395 , 	395 , 	210 , 	190 , 	-   , 	-   , 	395 , 	-   , 	395 , 	-   ,,,,,,,,,,,
NYW01,Aspen - The Holly," 	3,965 "," 	2,970 "," 	1,355 "," 	1,620 ", 	-   , 	-   ," 	2,970 ", 	255 ," 	3,710 ", 	366 ,,,,,,,,,,,
NYW02,Aspen - Parkside Hospital," 	1,190 "," 	1,060 ", 	515 , 	520 , 	-   , 	-   ," 	1,060 ", 	270 , 	915 ," 	1,026 ",,,,,,,,,,,
NYW03,Aspen - Highgate Hospital," 	1,985 "," 	1,755 ", 	730 ," 	1,025 ", 	-   , 	-   ," 	1,755 ", 	125 ," 	1,855 ", 	182 ,,,,,,,,,,,
NYW04,Aspen - Claremont Hospital," 	1,990 "," 	1,990 ", 	990 ," 	1,000 ",*,*," 	1,985 ", 	515 ," 	1,475 ", 	840 ,,,,,,,,,,,
NYW17,Aspen Healthcare - Midland Eye, 	895 , 	480 , 	190 , 	290 , 	-   , 	-   , 	480 ,*, 	895 , 	1 ,,,,,,,,,,,
P1B7M,Spamedica Bristol, 	35 , 	35 , 	15 , 	15 , 	-   , 	-   , 	35 , 	-   , 	35 , 	-   ,,,,,,,,,,,
R0A,Manchester University NHS Foundation Trust," 	265,605 "," 	216,880 "," 	98,305 "," 	118,555 "," 	75,060 "," 	44,770 "," 	56,995 "," 	179,475 "," 	86,125 "," 	587,312 ",,,,,,,,,,,
R0B,South Tyneside And Sunderland NHS Foundation Trust," 	140,430 "," 	117,315 "," 	56,285 "," 	61,030 "," 	51,720 "," 	25,550 "," 	31,360 "," 	91,405 "," 	49,025 "," 	256,772 ",,,,,,,,,,,
R0D,University Hospitals Dorset NHS Foundation Trust," 	173,315 "," 	145,360 "," 	68,040 "," 	77,315 "," 	66,940 "," 	28,245 "," 	40,535 "," 	112,600 "," 	60,710 "," 	306,337 ",,,,,,,,,,,
R1A,Herefordshire And Worcestershire Health And Care NHS Trust," 	6,840 "," 	6,215 "," 	3,085 "," 	3,130 "," 	1,865 "," 	1,790 ",*," 	6,840 ", 	-   ," 	112,979 ",,,,,,,,,,,
R1C,Solent NHS Trust, 	955 , 	955 , 	410 , 	545 , 	10 , 	-   , 	-   , 	955 , 	-   ," 	21,423 ",,,,,,,,,,,
R1D,Shropshire Community Health NHS Trust," 	1,900 "," 	1,890 ", 	820 ," 	1,070 ", 	475 , 	250 , 	35 ," 	1,620 ", 	280 ," 	21,699 ",,,,,,,,,,,
R1F-X,Isle Of Wight NHS Trust," 	36,255 "," 	29,460 "," 	13,535 "," 	15,925 "," 	14,030 "," 	6,585 "," 	5,875 "," 	24,865 "," 	11,390 "," 	96,238 ",,,,,,,,,,,
R1H,Barts Health NHS Trust," 	237,745 "," 	181,690 "," 	84,060 "," 	97,625 "," 	97,370 "," 	10,450 "," 	41,090 "," 	197,240 "," 	40,505 "," 	541,683 ",,,,,,,,,,,
R1K,London North West University Healthcare NHS Trust," 	177,790 "," 	132,515 "," 	62,960 "," 	69,555 "," 	69,150 "," 	27,630 "," 	22,550 "," 	131,820 "," 	45,970 "," 	309,201 ",,,,,,,,,,,
R1L,Essex Partnership University NHS Foundation Trust," 	3,550 "," 	2,840 "," 	1,350 "," 	1,485 "," 	2,690 ", 	10 ,*," 	3,550 ", 	-   ," 	181,643 ",,,,,,,,,,,
R6E4R,Sussex Community Dermatology Service (Rochester Healthy Living Centre)," 	1,320 "," 	1,320 ", 	700 , 	625 , 	-   , 	-   ," 	1,320 ", 	-   ," 	1,320 ", 	-   ,,,,,,,,,,,
RA2,Royal Surrey County Hospital NHS Foundation Trust," 	79,055 "," 	68,095 "," 	30,250 "," 	37,830 "," 	30,475 "," 	1,715 "," 	28,760 "," 	53,575 "," 	25,480 "," 	140,050 ",,,,,,,,,,,
RA4,Yeovil District Hospital NHS Foundation Trust," 	46,325 "," 	40,790 "," 	17,920 "," 	22,865 "," 	20,495 "," 	7,500 "," 	9,445 "," 	31,095 "," 	15,230 "," 	96,877 ",,,,,,,,,,,
RA7,University Hospitals Bristol And Weston NHS Foundation Trust," 	160,450 "," 	133,865 "," 	57,155 "," 	76,605 "," 	50,840 "," 	24,760 "," 	38,425 "," 	106,585 "," 	53,865 "," 	322,989 ",,,,,,,,,,,
RA9,Torbay And South Devon NHS Foundation Trust," 	87,490 "," 	64,465 "," 	29,440 "," 	35,020 "," 	32,445 "," 	11,095 "," 	16,625 "," 	62,370 "," 	25,115 "," 	138,844 ",,,,,,,,,,,
RAE,Bradford Teaching Hospitals NHS Foundation Trust," 	117,720 "," 	94,435 "," 	35,170 "," 	59,260 "," 	42,235 "," 	12,310 "," 	15,495 "," 	92,115 "," 	25,605 "," 	208,095 ",,,,,,,,,,,
RAJ,Mid And South Essex NHS Foundation Trust," 	305,645 "," 	241,100 "," 	104,315 "," 	136,755 "," 	113,410 "," 	28,545 "," 	61,580 "," 	226,870 "," 	78,770 "," 	557,373 ",,,,,,,,,,,
RAL,Royal Free London NHS Foundation Trust," 	171,090 "," 	137,475 "," 	52,825 "," 	84,630 "," 	51,475 "," 	12,115 "," 	38,890 "," 	127,170 "," 	43,925 "," 	338,311 ",,,,,,,,,,,
RAN,Royal National Orthopaedic Hospital NHS Trust," 	9,985 "," 	9,585 "," 	4,310 "," 	5,270 ", 	645 , 	970 ," 	7,755 "," 	5,235 "," 	4,750 "," 	36,171 ",,,,,,,,,,,
RAP,North Middlesex University Hospital NHS Trust," 	69,450 "," 	55,065 "," 	23,825 "," 	31,240 "," 	23,595 "," 	9,490 "," 	12,415 "," 	48,500 "," 	20,950 "," 	169,244 ",,,,,,,,,,,
RAS,The Hillingdon Hospitals NHS Foundation Trust," 	49,750 "," 	44,980 "," 	18,530 "," 	26,455 "," 	21,025 "," 	3,385 "," 	10,630 "," 	37,230 "," 	12,515 "," 	118,188 ",,,,,,,,,,,
RAT,North East London NHS Foundation Trust," 	9,215 "," 	4,340 "," 	2,095 "," 	2,245 "," 	1,125 "," 	2,955 ", 	110 ," 	9,215 ", 	-   ," 	177,880 ",,,,,,,,,,,
RAX,Kingston Hospital NHS Foundation Trust," 	80,250 "," 	67,065 "," 	24,610 "," 	42,450 "," 	30,335 "," 	1,120 "," 	15,170 "," 	66,265 "," 	13,980 "," 	143,362 ",,,,,,,,,,,
RBD,Dorset County Hospital NHS Foundation Trust," 	50,960 "," 	41,610 "," 	19,570 "," 	22,035 "," 	17,550 "," 	4,610 "," 	15,875 "," 	31,815 "," 	19,150 "," 	86,929 ",,,,,,,,,,,
RBK,Walsall Healthcare NHS Trust," 	82,920 "," 	68,010 "," 	25,360 "," 	42,635 "," 	35,380 "," 	5,565 "," 	13,135 "," 	66,915 "," 	16,005 "," 	159,137 ",,,,,,,,,,,
RBL,Wirral University Teaching Hospital NHS Foundation Trust," 	119,590 "," 	82,415 "," 	35,875 "," 	46,530 "," 	42,255 "," 	5,295 "," 	24,220 "," 	93,890 "," 	25,705 "," 	236,742 ",,,,,,,,,,,
RBN,St Helens And Knowsley Teaching Hospitals NHS Trust," 	142,935 "," 	99,980 "," 	41,415 "," 	58,545 "," 	49,880 "," 	6,610 "," 	28,375 "," 	111,670 "," 	31,270 "," 	235,183 ",,,,,,,,,,,
RBQ,Liverpool Heart And Chest Hospital NHS Foundation Trust," 	11,870 "," 	10,880 "," 	7,035 "," 	3,845 "," 	2,425 ", 	735 ," 	5,555 "," 	8,405 "," 	3,465 "," 	41,639 ",,,,,,,,,,,
RBS,Alder Hey Children's NHS Foundation Trust," 	35,375 "," 	31,165 "," 	17,620 "," 	13,540 "," 	9,720 "," 	11,555 "," 	9,640 "," 	19,540 "," 	15,830 "," 	54,267 ",,,,,,,,,,,
RBT,Mid Cheshire Hospitals NHS Foundation Trust," 	80,525 "," 	64,570 "," 	26,735 "," 	37,830 "," 	36,275 "," 	2,100 "," 	15,120 "," 	65,030 "," 	15,495 "," 	157,533 ",,,,,,,,,,,
RBV,The Christie NHS Foundation Trust," 	21,105 "," 	20,885 "," 	10,505 "," 	10,355 "," 	5,760 "," 	4,250 "," 	10,815 "," 	9,775 "," 	11,330 "," 	44,399 ",,,,,,,,,,,
RBZ,Northern Devon Healthcare NHS Trust," 	48,745 "," 	39,895 "," 	17,780 "," 	22,115 "," 	16,730 "," 	5,335 "," 	13,925 "," 	32,860 "," 	15,885 "," 	82,931 ",,,,,,,,,,,
RC9,Bedfordshire Hospitals NHS Foundation Trust," 	160,115 "," 	129,380 "," 	52,655 "," 	76,715 "," 	60,350 "," 	13,755 "," 	28,735 "," 	123,150 "," 	36,965 "," 	316,777 ",,,,,,,,,,,
RCB,York Teaching Hospital NHS Foundation Trust," 	176,110 "," 	129,175 "," 	57,005 "," 	72,170 "," 	55,660 ", 	10 ," 	56,805 "," 	122,530 "," 	53,575 "," 	252,479 ",,,,,,,,,,,
RCD,Harrogate And District NHS Foundation Trust," 	46,945 "," 	41,850 "," 	19,080 "," 	22,775 "," 	16,795 "," 	9,030 "," 	12,310 "," 	27,245 "," 	19,700 "," 	81,795 ",,,,,,,,,,,
RCF,Airedale NHS Foundation Trust," 	56,070 "," 	48,140 "," 	19,255 "," 	28,880 "," 	18,975 "," 	1,625 "," 	21,670 "," 	33,940 "," 	22,130 "," 	98,945 ",,,,,,,,,,,
RCU,Sheffield Children's NHS Foundation Trust," 	18,825 "," 	17,895 "," 	10,195 "," 	7,700 "," 	4,525 "," 	6,855 "," 	5,990 "," 	9,045 "," 	9,780 "," 	30,881 ",,,,,,,,,,,
RCX,"The Queen Elizabeth Hospital, King's Lynn, NHS Foundation Trust"," 	72,215 "," 	56,750 "," 	22,515 "," 	34,225 "," 	30,285 "," 	5,055 "," 	13,595 "," 	55,330 "," 	16,880 "," 	150,100 ",,,,,,,,,,,
RD1,Royal United Hospitals Bath NHS Foundation Trust," 	104,770 "," 	76,300 "," 	32,600 "," 	43,700 "," 	39,575 "," 	7,260 "," 	19,515 "," 	81,215 "," 	23,555 "," 	175,443 ",,,,,,,,,,,
RD8,Milton Keynes University Hospital NHS Foundation Trust," 	78,305 "," 	52,975 "," 	23,120 "," 	29,855 "," 	22,285 "," 	9,005 "," 	12,465 "," 	58,990 "," 	19,315 "," 	131,588 ",,,,,,,,,,,
RDE,East Suffolk And North Essex NHS Foundation Trust," 	203,960 "," 	158,335 "," 	72,600 "," 	85,610 "," 	68,485 "," 	34,240 "," 	37,630 "," 	139,135 "," 	64,830 "," 	363,586 ",,,,,,,,,,,
RDR,Sussex Community NHS Foundation Trust," 	4,905 "," 	4,905 "," 	1,920 "," 	2,985 "," 	1,510 ", 	255 ,*," 	4,905 ", 	-   ," 	91,532 ",,,,,,,,,,,
RDU,Frimley Health NHS Foundation Trust," 	165,580 "," 	129,405 "," 	57,780 "," 	71,620 "," 	62,450 "," 	6,545 "," 	40,370 "," 	127,130 "," 	38,450 "," 	386,221 ",,,,,,,,,,,
RDY,Dorset Healthcare University NHS Foundation Trust," 	4,730 "," 	3,755 "," 	1,625 "," 	2,125 ", 	970 , 	220 , 	440 ," 	4,465 ", 	260 ," 	124,998 ",,,,,,,,,,,
REF-X,Royal Cornwall Hospitals NHS Trust," 	151,340 "," 	103,120 "," 	46,765 "," 	56,350 "," 	35,880 "," 	22,240 "," 	34,000 "," 	102,140 "," 	49,200 "," 	183,766 ",,,,,,,,,,,
REM,Liverpool University Hospitals NHS Foundation Trust," 	213,070 "," 	145,770 "," 	72,000 "," 	73,760 "," 	89,645 "," 	20,300 "," 	35,035 "," 	164,390 "," 	48,680 "," 	443,619 ",,,,,,,,,,,
REN,The Clatterbridge Cancer Centre NHS Foundation Trust," 	5,125 "," 	5,085 "," 	2,680 "," 	2,405 "," 	1,180 ", 	720 ," 	3,160 "," 	2,555 "," 	2,565 "," 	20,075 ",,,,,,,,,,,
REP,Liverpool Women's NHS Foundation Trust," 	34,965 "," 	34,945 "," 	3,825 "," 	31,115 "," 	1,145 "," 	1,125 "," 	4,445 "," 	30,735 "," 	4,230 "," 	45,070 ",,,,,,,,,,,
RET,The Walton Centre NHS Foundation Trust," 	9,320 "," 	8,590 "," 	3,405 "," 	5,180 "," 	1,710 "," 	4,495 "," 	2,200 "," 	4,150 "," 	5,170 "," 	41,564 ",,,,,,,,,,,
RF4,"Barking, Havering And Redbridge University Hospitals NHS Trust"," 	124,225 "," 	99,360 "," 	42,840 "," 	56,480 "," 	52,365 "," 	5,915 "," 	25,745 "," 	97,055 "," 	27,170 "," 	298,908 ",,,,,,,,,,,
RFF,Barnsley Hospital NHS Foundation Trust," 	69,480 "," 	52,545 "," 	22,795 "," 	29,740 "," 	27,045 "," 	3,645 "," 	13,760 "," 	54,305 "," 	15,180 "," 	132,871 ",,,,,,,,,,,
RFR,The Rotherham NHS Foundation Trust," 	77,210 "," 	57,500 "," 	25,445 "," 	32,055 "," 	33,265 "," 	5,160 "," 	14,825 "," 	60,095 "," 	17,115 "," 	135,511 ",,,,,,,,,,,
RFS,Chesterfield Royal Hospital NHS Foundation Trust," 	78,580 "," 	63,865 "," 	27,325 "," 	36,540 "," 	32,885 "," 	2,095 "," 	19,660 "," 	58,735 "," 	19,845 "," 	137,733 ",,,,,,,,,,,
RGM,Royal Papworth Hospital NHS Foundation Trust," 	16,045 "," 	15,610 "," 	9,445 "," 	6,165 "," 	1,455 "," 	2,730 "," 	8,915 "," 	9,670 "," 	6,375 "," 	51,975 ",,,,,,,,,,,
RGN,North West Anglia NHS Foundation Trust," 	134,495 "," 	103,805 "," 	47,250 "," 	56,475 "," 	51,660 "," 	13,295 "," 	24,735 "," 	100,110 "," 	34,385 "," 	287,495 ",,,,,,,,,,,
RGP,James Paget University Hospitals NHS Foundation Trust," 	56,890 "," 	46,420 "," 	20,470 "," 	25,950 "," 	20,225 "," 	6,650 "," 	15,210 "," 	36,665 "," 	20,230 "," 	147,515 ",,,,,,,,,,,
RGR,West Suffolk NHS Foundation Trust," 	69,935 "," 	46,140 "," 	20,830 "," 	25,310 "," 	24,035 ", 	395 ," 	15,925 "," 	55,195 "," 	14,745 "," 	145,583 ",,,,,,,,,,,
RGT,Cambridge University Hospitals NHS Foundation Trust," 	161,485 "," 	112,545 "," 	53,020 "," 	59,520 "," 	37,480 "," 	35,840 "," 	27,150 "," 	108,420 "," 	53,065 "," 	333,848 ",,,,,,,,,,,
RH5,Somerset NHS Foundation Trust," 	100,760 "," 	76,820 "," 	33,795 "," 	43,015 "," 	32,585 "," 	15,105 "," 	19,225 "," 	70,170 "," 	30,595 "," 	270,717 ",,,,,,,,,,,
RH8,Royal Devon And Exeter NHS Foundation Trust," 	130,975 "," 	91,770 "," 	43,610 "," 	48,160 "," 	41,185 "," 	4,755 "," 	40,130 "," 	92,295 "," 	38,685 "," 	235,134 ",,,,,,,,,,,
RHA,Nottinghamshire Healthcare NHS Foundation Trust," 	3,745 "," 	2,380 "," 	1,160 "," 	1,215 ", 	615 ," 	1,105 ", 	385 ," 	3,745 ", 	-   ," 	127,427 ",,,,,,,,,,,
RHM,University Hospital Southampton NHS Foundation Trust," 	171,000 "," 	130,735 "," 	61,380 "," 	69,335 "," 	56,165 "," 	25,650 "," 	35,580 "," 	123,175 "," 	47,825 "," 	363,330 ",,,,,,,,,,,
RHQ,Sheffield Teaching Hospitals NHS Foundation Trust," 	231,970 "," 	185,540 "," 	77,800 "," 	107,740 "," 	58,760 "," 	34,955 "," 	68,240 "," 	141,570 "," 	90,400 "," 	427,914 ",,,,,,,,,,,
RHU,Portsmouth Hospitals University National Health Service Trust," 	152,355 "," 	116,225 "," 	52,160 "," 	64,065 "," 	57,255 "," 	15,650 "," 	31,265 "," 	111,835 "," 	40,520 "," 	318,250 ",,,,,,,,,,,
RHW,Royal Berkshire NHS Foundation Trust," 	137,205 "," 	88,705 "," 	38,400 "," 	50,290 "," 	38,940 "," 	2,015 "," 	31,785 "," 	106,975 "," 	30,230 "," 	193,682 ",,,,,,,,,,,
RJ1-X,Guy's And St Thomas' NHS Foundation Trust," 	156,530 "," 	143,130 "," 	57,150 "," 	64,350 "," 	41,915 "," 	25,350 "," 	59,625 "," 	96,620 "," 	59,910 "," 	388,250 ",,,,,,,,,,,
RJ2,Lewisham And Greenwich NHS Trust," 	151,510 "," 	114,475 "," 	46,595 "," 	67,870 "," 	58,410 "," 	5,110 "," 	27,465 "," 	121,445 "," 	30,065 "," 	301,017 ",,,,,,,,,,,
RJ6,Croydon Health Services NHS Trust," 	64,125 "," 	48,520 "," 	21,160 "," 	27,355 "," 	19,595 ", 	740 ," 	20,850 "," 	44,865 "," 	19,265 "," 	168,744 ",,,,,,,,,,,
RJ7,St George's University Hospitals NHS Foundation Trust," 	134,265 "," 	100,970 "," 	47,510 "," 	53,450 "," 	41,090 "," 	11,445 "," 	34,530 "," 	99,365 "," 	34,900 "," 	293,343 ",,,,,,,,,,,
RJ8,Cornwall Partnership NHS Foundation Trust," 	6,025 "," 	5,425 "," 	2,410 "," 	3,010 "," 	1,620 ", 	930 , 	790 ," 	6,020 ",*," 	118,751 ",,,,,,,,,,,
RJC,South Warwickshire NHS Foundation Trust," 	75,340 "," 	56,640 "," 	24,675 "," 	31,965 "," 	23,755 "," 	12,550 "," 	13,415 "," 	51,460 "," 	23,880 "," 	128,201 ",,,,,,,,,,,
RJE,University Hospitals Of North Midlands NHS Trust," 	241,090 "," 	175,265 "," 	75,635 "," 	99,545 "," 	79,400 "," 	35,895 "," 	33,120 "," 	179,770 "," 	61,320 "," 	395,102 ",,,,,,,,,,,
RJL-X,Northern Lincolnshire And Goole NHS Foundation Trust," 	98,895 "," 	86,675 "," 	39,160 "," 	47,510 "," 	37,650 "," 	20,000 "," 	20,400 "," 	62,225 "," 	36,665 "," 	205,590 ",,,,,,,,,,,
RJN,East Cheshire NHS Trust," 	27,630 "," 	20,915 "," 	9,480 "," 	11,435 "," 	12,495 "," 	1,450 "," 	6,925 "," 	19,945 "," 	7,685 "," 	79,069 ",,,,,,,,,,,
RJR,Countess Of Chester Hospital NHS Foundation Trust," 	79,855 "," 	59,860 "," 	25,175 "," 	34,685 "," 	24,635 "," 	6,575 "," 	17,725 "," 	58,380 "," 	21,475 "," 	168,314 ",,,,,,,,,,,
RJZ,King's College Hospital NHS Foundation Trust," 	220,490 "," 	155,105 "," 	67,445 "," 	87,640 "," 	50,060 "," 	19,290 "," 	59,830 "," 	153,415 "," 	67,075 "," 	490,881 ",,,,,,,,,,,
RK5,Sherwood Forest Hospitals NHS Foundation Trust," 	96,855 "," 	78,860 "," 	34,665 "," 	44,195 "," 	37,705 "," 	1,045 "," 	27,700 "," 	71,125 "," 	25,730 "," 	166,397 ",,,,,,,,,,,
RK9,University Hospitals Plymouth NHS Trust," 	149,375 "," 	107,560 "," 	49,695 "," 	57,860 "," 	46,340 "," 	15,350 "," 	37,775 "," 	103,840 "," 	45,535 "," 	280,391 ",,,,,,,,,,,
RKB,University Hospitals Coventry And Warwickshire NHS Trust," 	169,900 "," 	142,815 "," 	62,065 "," 	80,750 "," 	63,750 "," 	24,925 "," 	33,350 "," 	119,595 "," 	50,300 "," 	320,320 ",,,,,,,,,,,
RKE,Whittington Health NHS Trust," 	49,530 "," 	38,635 "," 	15,890 "," 	22,740 "," 	15,565 "," 	3,725 "," 	11,905 "," 	34,850 "," 	14,680 "," 	84,492 ",,,,,,,,,,,
RL1,The Robert Jones And Agnes Hunt Orthopaedic Hospital NHS Foundation Trust," 	5,910 "," 	5,590 "," 	2,770 "," 	2,820 "," 	1,085 ", 	345 ," 	3,925 "," 	3,965 "," 	1,950 "," 	31,365 ",,,,,,,,,,,
RL4,The Royal Wolverhampton NHS Trust," 	113,505 "," 	99,830 "," 	41,930 "," 	57,895 "," 	39,055 "," 	21,185 "," 	23,345 "," 	73,090 "," 	40,410 "," 	251,870 ",,,,,,,,,,,
RLQ,Wye Valley NHS Trust," 	53,895 "," 	44,120 "," 	20,625 "," 	23,500 "," 	19,710 "," 	6,265 "," 	14,610 "," 	34,785 "," 	19,115 "," 	98,468 ",,,,,,,,,,,
RLT,George Eliot Hospital NHS Trust," 	41,240 "," 	32,725 "," 	13,375 "," 	19,350 "," 	16,425 "," 	1,735 "," 	9,885 "," 	30,555 "," 	10,690 "," 	93,037 ",,,,,,,,,,,
RLY,North Staffordshire Combined Healthcare NHS Trust," 	2,090 "," 	1,625 ", 	860 , 	770 , 	990 , 	570 , 	40 ," 	2,090 ", 	-   ," 	42,734 ",,,,,,,,,,,
RM1,Norfolk And Norwich University Hospitals NHS Foundation Trust," 	191,205 "," 	138,730 "," 	64,345 "," 	74,380 "," 	50,000 "," 	28,280 "," 	43,055 "," 	126,180 "," 	65,025 "," 	304,509 ",,,,,,,,,,,
RM3,Salford Royal NHS Foundation Trust," 	100,925 "," 	68,815 "," 	33,015 "," 	35,800 "," 	31,810 "," 	14,840 "," 	18,925 "," 	72,105 "," 	28,820 "," 	248,739 ",,,,,,,,,,,
RMC,Bolton NHS Foundation Trust," 	77,595 "," 	65,780 "," 	24,885 "," 	40,890 "," 	31,720 "," 	3,665 "," 	11,875 "," 	64,620 "," 	12,975 "," 	185,079 ",,,,,,,,,,,
RMP,Tameside And Glossop Integrated Care NHS Foundation Trust," 	55,740 "," 	44,350 "," 	19,025 "," 	25,325 "," 	26,905 "," 	2,995 "," 	9,375 "," 	44,550 "," 	11,190 "," 	110,318 ",,,,,,,,,,,
RN3,Great Western Hospitals NHS Foundation Trust," 	89,435 "," 	77,740 "," 	34,160 "," 	43,535 "," 	36,435 "," 	13,550 "," 	18,865 "," 	61,710 "," 	27,725 "," 	189,874 ",,,,,,,,,,,
RN5-X,Hampshire Hospitals NHS Foundation Trust," 	119,670 "," 	97,515 "," 	41,320 "," 	56,180 "," 	46,055 "," 	13,400 "," 	27,400 "," 	83,130 "," 	36,540 "," 	232,396 ",,,,,,,,,,,
RN7-X,Dartford And Gravesham NHS Trust," 	82,805 "," 	72,215 "," 	30,990 "," 	41,225 "," 	33,490 "," 	12,380 "," 	16,625 "," 	61,400 "," 	21,405 "," 	162,133 ",,,,,,,,,,,
RNA,The Dudley Group NHS Foundation Trust," 	93,610 "," 	80,580 "," 	31,535 "," 	49,045 "," 	32,490 "," 	7,660 "," 	20,990 "," 	68,325 "," 	25,285 "," 	200,171 ",,,,,,,,,,,
RNN,North Cumbria Integrated Care NHS Foundation Trust," 	75,105 "," 	64,290 "," 	29,380 "," 	34,910 "," 	29,710 "," 	7,695 "," 	20,710 "," 	48,885 "," 	26,220 "," 	196,518 ",,,,,,,,,,,
RNQ,Kettering General Hospital NHS Foundation Trust," 	89,210 "," 	62,225 "," 	25,750 "," 	36,465 "," 	24,930 "," 	10,000 "," 	17,270 "," 	64,640 "," 	24,570 "," 	170,822 ",,,,,,,,,,,
RNS,Northampton General Hospital NHS Trust," 	99,850 "," 	88,980 "," 	37,895 "," 	51,080 "," 	41,145 "," 	13,165 "," 	19,320 "," 	72,300 "," 	27,545 "," 	204,785 ",,,,,,,,,,,
RNU,Oxford Health NHS Foundation Trust," 	3,350 "," 	2,850 "," 	1,335 "," 	1,515 "," 	1,305 "," 	1,000 ", 	410 ," 	3,350 ", 	-   ," 	184,740 ",,,,,,,,,,,
RNZ,Salisbury NHS Foundation Trust," 	56,850 "," 	47,835 "," 	20,220 "," 	27,610 "," 	21,455 "," 	2,870 "," 	15,110 "," 	41,045 "," 	15,810 "," 	132,561 ",,,,,,,,,,,
RP1,Northamptonshire Healthcare NHS Foundation Trust, 	455 , 	370 , 	200 , 	170 , 	235 , 	135 , 	-   , 	455 , 	-   ," 	28,777 ",,,,,,,,,,,
RP4,Great Ormond Street Hospital For Children NHS Foundation Trust," 	39,070 "," 	33,270 "," 	17,615 "," 	15,655 "," 	2,500 "," 	21,135 "," 	9,080 "," 	19,690 "," 	19,380 "," 	85,597 ",,,,,,,,,,,
RP5,Doncaster And Bassetlaw Teaching Hospitals NHS Foundation Trust," 	105,540 "," 	86,625 "," 	38,640 "," 	47,985 "," 	42,615 "," 	13,210 "," 	21,105 "," 	75,965 "," 	29,580 "," 	221,428 ",,,,,,,,,,,
RP6,Moorfields Eye Hospital NHS Foundation Trust," 	18,000 "," 	18,000 "," 	8,835 "," 	9,165 "," 	1,260 ", 	15 ," 	16,720 "," 	2,080 "," 	15,920 ", 	745 ,,,,,,,,,,,
RPA,Medway NHS Foundation Trust," 	83,960 "," 	66,280 "," 	28,415 "," 	37,855 "," 	37,780 "," 	4,115 "," 	14,050 "," 	68,460 "," 	15,500 "," 	177,518 ",,,,,,,,,,,
RPC,Queen Victoria Hospital NHS Foundation Trust," 	15,345 "," 	15,345 "," 	8,515 "," 	6,825 "," 	6,325 ", 	505 ," 	8,490 "," 	8,325 "," 	7,020 "," 	9,357 ",,,,,,,,,,,
RPG,Oxleas NHS Foundation Trust," 	2,095 "," 	1,710 ", 	825 , 	885 , 	840 , 	535 , 	120 ," 	2,090 ",*," 	142,396 ",,,,,,,,,,,
RPY,The Royal Marsden NHS Foundation Trust," 	21,755 "," 	21,755 "," 	10,700 "," 	11,060 "," 	2,735 "," 	7,500 "," 	11,430 "," 	9,425 "," 	12,330 "," 	60,772 ",,,,,,,,,,,
RQ3,Birmingham Women's And Children's NHS Foundation Trust," 	54,365 "," 	49,735 "," 	21,110 "," 	28,615 "," 	10,730 "," 	7,775 "," 	13,130 "," 	38,815 "," 	15,550 "," 	125,826 ",,,,,,,,,,,
RQM,Chelsea And Westminster Hospital NHS Foundation Trust," 	129,515 "," 	95,925 "," 	41,600 "," 	54,310 "," 	45,835 ", 	950 ," 	25,360 "," 	106,465 "," 	23,055 "," 	264,594 ",,,,,,,,,,,
RQW,The Princess Alexandra Hospital NHS Trust," 	69,800 "," 	63,775 "," 	23,135 "," 	40,635 "," 	30,850 "," 	8,100 "," 	9,085 "," 	54,610 "," 	15,190 "," 	135,264 ",,,,,,,,,,,
RQX,Homerton University Hospital NHS Foundation Trust," 	63,560 "," 	52,500 "," 	17,975 "," 	34,520 "," 	17,340 "," 	2,415 "," 	13,210 "," 	49,030 "," 	14,530 "," 	117,761 ",,,,,,,,,,,
RQY,South West London And St George's Mental Health NHS Trust," 	2,985 ", 	500 , 	230 , 	265 , 	305 , 	105 , 	65 ," 	2,980 ",*," 	121,918 ",,,,,,,,,,,
RR7-X,Gateshead Health NHS Foundation Trust," 	72,830 "," 	48,710 "," 	20,030 "," 	28,645 "," 	21,650 "," 	11,285 "," 	11,670 "," 	51,820 "," 	21,015 "," 	135,611 ",,,,,,,,,,,
RR8,Leeds Teaching Hospitals NHS Trust," 	168,255 "," 	134,375 "," 	63,220 "," 	71,145 "," 	57,210 "," 	19,090 "," 	38,090 "," 	126,385 "," 	41,870 "," 	544,978 ",,,,,,,,,,,
RRE,Midlands Partnership NHS Foundation Trust," 	6,470 "," 	5,695 "," 	2,255 "," 	3,435 "," 	2,015 "," 	2,115 ", 	680 ," 	4,160 "," 	2,310 "," 	120,378 ",,,,,,,,,,,
RRF,"Wrightington, Wigan And Leigh NHS Foundation Trust"," 	72,180 "," 	60,485 "," 	28,050 "," 	32,430 "," 	32,515 "," 	8,645 "," 	14,815 "," 	51,535 "," 	20,645 "," 	140,885 ",,,,,,,,,,,
RRJ,The Royal Orthopaedic Hospital NHS Foundation Trust," 	7,420 "," 	7,415 "," 	3,655 "," 	3,760 ", 	640 ," 	1,915 "," 	4,840 "," 	4,250 "," 	3,165 "," 	21,606 ",,,,,,,,,,,
RRK-X,University Hospitals Birmingham NHS Foundation Trust," 	333,990 "," 	256,640 "," 	116,345 "," 	140,285 "," 	143,215 "," 	38,170 "," 	53,155 "," 	267,425 "," 	66,565 "," 	759,466 ",,,,,,,,,,,
RRV,University College London Hospitals NHS Foundation Trust," 	145,645 "," 	136,700 "," 	61,385 "," 	75,135 "," 	18,645 "," 	35,870 "," 	66,000 "," 	85,395 "," 	60,250 "," 	259,948 ",,,,,,,,,,,
RT5,Leicestershire Partnership NHS Trust," 	6,640 "," 	5,330 "," 	2,550 "," 	2,780 "," 	5,015 ", 	210 , 	50 ," 	6,640 ",*," 	171,334 ",,,,,,,,,,,
RTD,The Newcastle Upon Tyne Hospitals NHS Foundation Trust," 	213,645 "," 	171,755 "," 	84,005 "," 	87,720 "," 	58,735 "," 	39,345 "," 	57,120 "," 	133,005 "," 	80,640 "," 	383,742 ",,,,,,,,,,,
RTE,Gloucestershire Hospitals NHS Foundation Trust," 	164,635 "," 	132,740 "," 	58,300 "," 	74,440 "," 	62,935 "," 	19,300 "," 	31,005 "," 	123,195 "," 	41,440 "," 	280,198 ",,,,,,,,,,,
RTF,Northumbria Healthcare NHS Foundation Trust," 	147,220 "," 	118,760 "," 	50,460 "," 	68,300 "," 	61,875 "," 	21,380 "," 	28,170 "," 	101,780 "," 	45,435 "," 	228,658 ",,,,,,,,,,,
RTG,University Hospitals Of Derby And Burton NHS Foundation Trust," 	242,710 "," 	178,575 "," 	80,395 "," 	98,160 "," 	82,130 "," 	35,690 "," 	42,135 "," 	172,860 "," 	69,850 "," 	423,308 ",,,,,,,,,,,
RTH,Oxford University Hospitals NHS Foundation Trust," 	191,545 "," 	157,270 "," 	74,525 "," 	82,745 "," 	71,585 "," 	11,320 "," 	56,040 "," 	135,675 "," 	55,875 "," 	352,403 ",,,,,,,,,,,
RTK,Ashford And St Peter's Hospitals NHS Foundation Trust," 	64,215 "," 	57,325 "," 	25,440 "," 	31,880 "," 	26,975 "," 	5,320 "," 	17,175 "," 	45,790 "," 	18,425 "," 	155,820 ",,,,,,,,,,,
RTP,Surrey And Sussex Healthcare NHS Trust," 	135,350 "," 	77,625 "," 	34,770 "," 	42,855 "," 	33,750 "," 	6,885 "," 	24,365 "," 	106,310 "," 	29,040 "," 	220,942 ",,,,,,,,,,,
RTQ,Gloucestershire Health And Care NHS Foundation Trust," 	3,290 "," 	2,740 "," 	1,185 "," 	1,555 ", 	750 , 	285 , 	30 ," 	3,290 ", 	-   ," 	103,554 ",,,,,,,,,,,
RTR,South Tees Hospitals NHS Foundation Trust," 	135,230 "," 	108,295 "," 	49,020 "," 	59,275 "," 	41,125 "," 	19,555 "," 	35,070 "," 	89,520 "," 	45,710 "," 	256,110 ",,,,,,,,,,,
RTV,North West Boroughs Healthcare NHS Foundation Trust," 	2,350 "," 	2,055 "," 	1,150 ", 	905 ," 	1,870 ", 	185 , 	-   ," 	2,350 ", 	-   ," 	86,556 ",,,,,,,,,,,
RTX,University Hospitals Of Morecambe Bay NHS Foundation Trust," 	86,210 "," 	68,165 "," 	31,420 "," 	36,740 "," 	33,040 "," 	10,345 "," 	18,410 "," 	60,060 "," 	26,150 "," 	188,074 ",,,,,,,,,,,
RV3,Central And North West London NHS Foundation Trust," 	5,220 "," 	4,925 "," 	2,480 "," 	2,430 "," 	2,720 ", 	395 , 	85 ," 	5,220 ", 	-   ," 	233,331 ",,,,,,,,,,,
RV9-X,Humber Teaching NHS Foundation Trust," 	2,120 "," 	1,695 ", 	800 , 	895 ," 	1,080 ", 	215 , 	375 ," 	2,115 ",*," 	56,922 ",,,,,,,,,,,
RVJ-X,North Bristol NHS Trust," 	146,135 "," 	121,865 "," 	52,410 "," 	69,445 "," 	51,770 "," 	7,435 "," 	41,165 "," 	104,660 "," 	41,475 "," 	297,143 ",,,,,,,,,,,
RVN,Avon And Wiltshire Mental Health Partnership NHS Trust," 	3,285 "," 	1,795 ", 	905 , 	885 , 	710 , 	555 , 	320 ," 	3,280 ",*," 	135,276 ",,,,,,,,,,,
RVR-X,Epsom And St Helier University Hospitals NHS Trust," 	85,880 "," 	69,385 "," 	30,240 "," 	39,145 "," 	29,410 "," 	5,820 "," 	24,645 "," 	59,975 "," 	25,905 "," 	195,015 ",,,,,,,,,,,
RVV,East Kent Hospitals University NHS Foundation Trust," 	174,315 "," 	125,585 "," 	57,695 "," 	67,870 "," 	66,575 "," 	10,400 "," 	34,510 "," 	134,720 "," 	39,600 "," 	320,410 ",,,,,,,,,,,
RVW,North Tees And Hartlepool NHS Foundation Trust," 	88,070 "," 	67,180 "," 	29,730 "," 	37,450 "," 	33,960 "," 	14,180 "," 	12,110 "," 	66,010 "," 	22,055 "," 	146,764 ",,,,,,,,,,,
RVY,Southport And Ormskirk Hospital NHS Trust," 	54,125 "," 	41,800 "," 	18,990 "," 	22,795 "," 	23,445 "," 	5,090 "," 	8,835 "," 	41,460 "," 	12,665 "," 	128,459 ",,,,,,,,,,,
RW1,Southern Health NHS Foundation Trust," 	11,275 "," 	9,940 "," 	4,405 "," 	5,535 "," 	4,060 "," 	1,700 "," 	1,415 "," 	9,260 "," 	2,015 "," 	209,583 ",,,,,,,,,,,
RW4,Mersey Care NHS Foundation Trust," 	3,585 "," 	2,245 "," 	1,160 "," 	1,085 "," 	1,450 ", 	440 , 	100 ," 	3,585 ", 	-   ," 	109,680 ",,,,,,,,,,,
RW5,Lancashire & South Cumbria NHS Foundation Trust," 	2,885 "," 	1,895 ", 	985 , 	910 ," 	1,585 ", 	190 , 	15 ," 	2,880 ",*," 	72,235 ",,,,,,,,,,,
RW6,Pennine Acute Hospitals NHS Trust," 	180,530 "," 	145,300 "," 	64,990 "," 	80,290 "," 	77,130 "," 	15,215 "," 	34,095 "," 	136,260 "," 	44,270 "," 	347,537 ",,,,,,,,,,,
RWA,Hull University Teaching Hospitals NHS Trust," 	140,480 "," 	109,985 "," 	49,555 "," 	60,430 "," 	41,725 "," 	27,745 "," 	26,635 "," 	93,995 "," 	46,480 "," 	285,384 ",,,,,,,,,,,
RWD,United Lincolnshire Hospitals NHS Trust," 	125,770 "," 	107,265 "," 	47,820 "," 	59,260 "," 	49,890 "," 	15,785 "," 	29,875 "," 	84,245 "," 	41,525 "," 	281,690 ",,,,,,,,,,,
RWE,University Hospitals Of Leicester NHS Trust," 	260,860 "," 	198,855 "," 	85,535 "," 	113,310 "," 	82,265 "," 	37,370 "," 	43,915 "," 	190,360 "," 	70,500 "," 	492,055 ",,,,,,,,,,,
RWF,Maidstone And Tunbridge Wells NHS Trust," 	129,590 "," 	111,990 "," 	50,105 "," 	61,870 "," 	51,120 "," 	9,840 "," 	43,945 "," 	110,380 "," 	19,210 "," 	204,060 ",,,,,,,,,,,
RWG,West Hertfordshire Hospitals NHS Trust," 	89,770 "," 	74,275 "," 	33,135 "," 	41,140 "," 	38,485 "," 	6,105 "," 	19,915 "," 	67,965 "," 	21,800 "," 	201,076 ",,,,,,,,,,,
RWH,East And North Hertfordshire NHS Trust," 	120,385 "," 	96,790 "," 	41,945 "," 	54,845 "," 	36,025 "," 	22,460 "," 	27,300 "," 	74,675 "," 	45,715 "," 	180,213 ",,,,,,,,,,,
RWJ,Stockport NHS Foundation Trust," 	74,790 "," 	62,060 "," 	27,045 "," 	35,005 "," 	33,420 "," 	6,125 "," 	13,890 "," 	57,470 "," 	17,320 "," 	184,887 ",,,,,,,,,,,
RWK,East London NHS Foundation Trust," 	9,350 "," 	6,310 "," 	3,405 "," 	2,900 "," 	4,345 "," 	1,140 ", 	665 ," 	9,350 ", 	-   ," 	259,131 ",,,,,,,,,,,
RWP-X,Worcestershire Acute Hospitals NHS Trust," 	146,310 "," 	117,630 "," 	52,285 "," 	65,345 "," 	47,585 "," 	31,400 "," 	27,215 "," 	91,055 "," 	55,255 "," 	222,688 ",,,,,,,,,,,
RWR,Hertfordshire Partnership University NHS Foundation Trust," 	1,095 ", 	655 , 	300 , 	355 , 	120 , 	65 , 	55 ," 	1,095 ", 	-   ," 	76,553 ",,,,,,,,,,,
RWW,Warrington And Halton Teaching Hospitals NHS Foundation Trust," 	66,255 "," 	49,905 "," 	21,660 "," 	28,235 "," 	25,395 "," 	6,125 "," 	11,555 "," 	50,480 "," 	15,775 "," 	161,732 ",,,,,,,,,,,
RWX,Berkshire Healthcare NHS Foundation Trust," 	3,390 "," 	3,390 "," 	1,505 "," 	1,885 ", 	995 , 	940 , 	815 ," 	3,390 ", 	-   ," 	89,333 ",,,,,,,,,,,
RWY,Calderdale And Huddersfield NHS Foundation Trust," 	96,050 "," 	80,975 "," 	35,140 "," 	45,840 "," 	39,955 "," 	12,515 "," 	16,205 "," 	68,995 "," 	27,055 "," 	186,149 ",,,,,,,,,,,
RX1,Nottingham University Hospitals NHS Trust," 	275,475 "," 	213,060 "," 	90,820 "," 	122,160 "," 	81,975 "," 	16,750 "," 	81,965 "," 	189,245 "," 	86,230 "," 	484,140 ",,,,,,,,,,,
RX2,Sussex Partnership NHS Foundation Trust," 	3,300 "," 	2,720 "," 	1,290 "," 	1,395 "," 	1,295 ", 	990 , 	230 ," 	3,300 ", 	-   ," 	182,959 ",,,,,,,,,,,
RX4,"Cumbria, Northumberland, Tyne And Wear NHS Foundation Trust"," 	4,050 "," 	2,720 "," 	1,445 "," 	1,275 "," 	2,285 ", 	335 , 	55 ," 	4,050 ", 	-   ," 	247,291 ",,,,,,,,,,,
RXA,Cheshire And Wirral Partnership NHS Foundation Trust," 	2,200 "," 	1,865 ", 	915 , 	950 ," 	1,225 ", 	205 , 	130 ," 	2,200 ", 	-   ," 	94,855 ",,,,,,,,,,,
RXC,East Sussex Healthcare NHS Trust," 	112,155 "," 	89,950 "," 	39,375 "," 	50,565 "," 	44,910 "," 	17,815 "," 	20,960 "," 	77,130 "," 	35,025 "," 	228,179 ",,,,,,,,,,,
RXE,Rotherham Doncaster And South Humber NHS Foundation Trust," 	2,635 "," 	2,505 "," 	1,225 "," 	1,280 "," 	1,280 "," 	1,065 ", 	105 ," 	2,630 ",*," 	84,933 ",,,,,,,,,,,
RXF-X,Mid Yorkshire Hospitals NHS Trust," 	143,915 "," 	117,085 "," 	49,380 "," 	67,700 "," 	46,230 "," 	17,780 "," 	30,085 "," 	100,035 "," 	43,880 "," 	295,757 ",,,,,,,,,,,
RXG,South West Yorkshire Partnership NHS Foundation Trust," 	2,265 "," 	2,015 "," 	1,050 ", 	965 ," 	1,610 ", 	20 ,*," 	2,265 ", 	-   ," 	139,389 ",,,,,,,,,,,
RXH,Brighton And Sussex University Hospitals NHS Trust," 	129,125 "," 	98,890 "," 	46,495 "," 	52,315 "," 	41,770 "," 	14,205 "," 	32,570 "," 	89,175 "," 	39,950 "," 	278,358 ",,,,,,,,,,,
RXK-X,Sandwell And West Birmingham Hospitals NHS Trust," 	104,575 "," 	77,025 "," 	34,830 "," 	42,185 "," 	39,245 "," 	7,540 "," 	18,725 "," 	82,140 "," 	22,435 "," 	237,901 ",,,,,,,,,,,
RXL,Blackpool Teaching Hospitals NHS Foundation Trust," 	108,330 "," 	81,750 "," 	38,030 "," 	43,720 "," 	34,635 "," 	2,225 "," 	37,635 "," 	72,595 "," 	35,735 "," 	250,124 ",,,,,,,,,,,
RXM,Derbyshire Healthcare NHS Foundation Trust," 	2,240 "," 	1,480 ", 	750 , 	735 ," 	1,220 ", 	-   , 	-   ," 	2,240 ", 	-   ," 	64,114 ",,,,,,,,,,,
RXN,Lancashire Teaching Hospitals NHS Foundation Trust," 	118,730 "," 	98,595 "," 	40,290 "," 	58,275 "," 	41,020 "," 	12,285 "," 	28,550 "," 	85,130 "," 	33,600 "," 	274,127 ",,,,,,,,,,,
RXP,County Durham And Darlington NHS Foundation Trust," 	117,455 "," 	86,715 "," 	37,705 "," 	49,005 "," 	52,185 "," 	9,925 "," 	14,470 "," 	95,845 "," 	21,610 "," 	242,325 ",,,,,,,,,,,
RXQ,Buckinghamshire Healthcare NHS Trust," 	91,770 "," 	84,570 "," 	36,595 "," 	47,960 "," 	35,315 "," 	11,375 "," 	21,430 "," 	61,750 "," 	30,025 "," 	196,865 ",,,,,,,,,,,
RXR,East Lancashire Hospitals NHS Trust," 	134,630 "," 	112,760 "," 	51,855 "," 	60,900 "," 	54,090 "," 	7,115 "," 	38,755 "," 	96,100 "," 	38,535 "," 	277,750 ",,,,,,,,,,,
RXW,The Shrewsbury And Telford Hospital NHS Trust," 	137,690 "," 	101,750 "," 	47,680 "," 	54,070 "," 	45,355 "," 	24,650 "," 	22,395 "," 	93,680 "," 	44,005 "," 	219,538 ",,,,,,,,,,,
RXX,Surrey And Borders Partnership NHS Foundation Trust," 	1,780 "," 	1,535 ", 	780 , 	755 ," 	1,405 ", 	-   , 	10 ," 	1,780 ", 	-   ," 	90,031 ",,,,,,,,,,,
RY3,Norfolk Community Health And Care NHS Trust," 	2,280 "," 	2,145 ", 	830 ," 	1,315 ", 	25 , 	615 , 	-   ," 	2,280 ", 	-   ," 	40,966 ",,,,,,,,,,,
RY4,Hertfordshire Community NHS Trust, 	940 , 	930 , 	385 , 	545 , 	-   , 	930 , 	-   , 	940 , 	-   ," 	27,888 ",,,,,,,,,,,
RY5,Lincolnshire Community Health Services NHS Trust, 	610 , 	610 , 	260 , 	350 , 	45 , 	240 , 	-   , 	540 , 	70 ," 	7,241 ",,,,,,,,,,,
RY8,Derbyshire Community Health Services NHS Foundation Trust," 	2,185 "," 	2,170 "," 	1,080 "," 	1,090 ", 	100 ,*, 	495 ," 	1,765 ", 	420 ," 	30,983 ",,,,,,,,,,,
RY9,Hounslow And Richmond Community Healthcare NHS Trust, 	355 , 	355 , 	145 , 	210 , 	-   , 	-   , 	-   , 	355 , 	-   ," 	7,280 ",,,,,,,,,,,
RYJ,Imperial College Healthcare NHS Trust," 	186,390 "," 	155,965 "," 	59,705 "," 	96,250 "," 	37,590 "," 	31,195 "," 	52,360 "," 	114,595 "," 	71,795 "," 	346,588 ",,,,,,,,,,,
RYR-X,Western Sussex Hospitals NHS Foundation Trust," 	133,435 "," 	103,195 "," 	46,760 "," 	56,425 "," 	54,480 "," 	15,470 "," 	23,505 "," 	96,995 "," 	36,440 "," 	265,832 ",,,,,,,,,,,
RYW,Birmingham Community Healthcare NHS Foundation Trust," 	8,485 "," 	7,190 "," 	3,050 "," 	4,140 ", 	695 , 	185 , 	890 ," 	8,485 ", 	-   ," 	173,749 ",,,,,,,,,,,
RYY,Kent Community Health NHS Foundation Trust," 	2,815 "," 	2,815 "," 	1,110 "," 	1,705 ", 	-   , 	-   , 	-   ," 	2,815 ", 	-   ," 	57,894 ",,,,,,,,,,,
T8R5I,Spamedica Wokingham, 	465 , 	465 , 	210 , 	260 , 	-   , 	-   , 	465 , 	-   , 	465 , 	-   ,,,,,,,,,,,
TAD,Bradford District Care NHS Foundation Trust, 	975 , 	855 , 	480 , 	375 , 	715 , 	15 , 	35 , 	975 , 	-   ," 	56,101 ",,,,,,,,,,,
U8P2Z,Sussex Community Dermatology Service (Rainham Healthy Living Centre)," 	1,170 "," 	1,170 ", 	620 , 	550 , 	-   , 	-   ," 	1,170 ", 	-   ," 	1,170 ", 	-   ,,,,,,,,,,,
Y4Z7I,Sussex Community Dermatology Service (Springhead Health), 	275 , 	275 , 	130 , 	140 , 	-   , 	-   , 	275 , 	-   , 	275 , 	-   ,,,,,,,,,,,
Y8L9S,Spamedica Bromley, 	525 , 	525 , 	195 , 	330 , 	-   , 	-   , 	525 , 	-   , 	525 , 	-   ,,,,,,,,,,,
,,,,,,,,,,,,,,,,,,,,,,
,,,,,,,,,,,,,,,,,,,,,,
*Small numbers,,,,,,,,,,,,,,,,,,,,,,
"In order to protect patient confidentiality '*' appears in the table above for all sub-national breakdowns, where it is possible to calculate a value between 1 and 7 from the data presented. All other sub-national data has been rounded to the nearest 5.

If the national total is between 1 and 7 (inclusive), no sub-national breakdown will be displayed. 

If the national total is greater than or equal to 8;
a. Sub-national counts between 1 and 7 (inclusive) will be displayed as *.
b. Zeroes will be unchanged.
c. All other counts will be rounded to the nearest 5.",,,,,,,,,,,,,,,,,,,,,,
,,,,,,,,,,,,,,,,,,,,,,
"Copyright  2022, NHS Digital, Secondary Care Analysis. All Rights Reserved.",,,,,,,,,,,,,,,,,,,,,,
,,,,,,,,,,,,,,,,,,,,,,
,,,,,,,,,,,,,,,,,,,,,,
Responsible statistician:,,,,,,,,,,,,,,,,,,,,,,
"Ramesh Notra, Analytical Section Head, Secondary Care Analysis",,,,,,,,,,,,,,,,,,,,,,
Contact via enquiries@nhsdigital.nhs.uk or 0300 303 5678,,,,,,,,,,,,,,,,,,,,,,
,,,,,,,,,,,,,,,,,,,,,,
Return to Contents,,,,,,,,,,,,,,,,,,,,,,